,date,product_name,product_category,total_sales,total_revenue,product_cost,vat_rate,unit_price_gross,unit_vat,unit_price_net,unit_profit_est,margin_rate,food_cost_rate,total_revenue_net,total_revenue_gross,total_cost_est,total_profit_est
0,2026-07-01,Futomaki ŁOSOŚ GRILLOWANY | 6 szt,FUTOMAKI,12,456.0,7.51,8.0,38.0,2.814814814814815,35.18518518518518,27.675185185185185,0.7865578947368421,0.2134421052631579,422.2222222222222,456.0,90.12,332.10222222222217
1,2026-07-01,Wasabi,DODATKI,1,2.0,0.3,8.0,2.0,0.14814814814814814,1.8518518518518519,1.5518518518518518,0.838,0.162,1.8518518518518519,2.0,0.3,1.5518518518518518
2,2026-07-01,Krabs - Burger,SUSHI BURGER,1,25.0,12.27,8.0,25.0,1.8518518518518519,23.14814814814815,10.87814814814815,0.469936,0.530064,23.14814814814815,25.0,12.27,10.87814814814815
3,2026-07-01,Sos teriyaki 30ml,DODATKI,1,3.0,1.0,8.0,3.0,0.2222222222222222,2.7777777777777777,1.7777777777777777,0.64,0.36,2.7777777777777777,3.0,1.0,1.7777777777777777
4,2026-07-01,Sos sojowy 30ml,DODATKI,2,6.0,0.5,8.0,3.0,0.2222222222222222,2.7777777777777777,2.2777777777777777,0.82,0.18,5.555555555555555,6.0,1.0,4.555555555555555
5,2026-07-01,Zestaw Philadelphia | 24 szt,ZESTAWY,1,170.0,38.04,8.0,170.0,12.592592592592593,157.40740740740742,119.36740740740743,0.7583341176470589,0.24166588235294115,157.40740740740742,170.0,38.04,119.36740740740743
6,2026-07-01,Wasabi,DODATKI,1,2.0,0.3,8.0,2.0,0.14814814814814814,1.8518518518518519,1.5518518518518518,0.838,0.162,1.8518518518518519,2.0,0.3,1.5518518518518518
7,2026-07-01,Zestaw Philadelphia + Krabs Burger -50%,SUSHI BURGER,1,170.0,50.3,8.0,170.0,12.592592592592593,157.40740740740742,107.10740740740742,0.6804470588235294,0.31955294117647054,157.40740740740742,170.0,50.3,107.10740740740742
8,2026-07-01,Sos sojowy,DODATKI,1,3.0,0.5,8.0,3.0,0.2222222222222222,2.7777777777777777,2.2777777777777777,0.82,0.18,2.7777777777777777,3.0,0.5,2.2777777777777777
9,2026-07-01,California KREWETKA PANKO | 8 szt,CALIFORNIA,1,58.0,10.5,23.0,58.0,10.845528455284553,47.15447154471545,36.65447154471545,0.7773275862068966,0.22267241379310343,47.15447154471545,58.0,10.5,36.65447154471545
10,2026-07-01,Zestaw Hikari | 48 szt,ZESTAWY,1,245.0,55.05,8.0,245.0,18.14814814814815,226.85185185185185,171.80185185185184,0.757330612244898,0.24266938775510202,226.85185185185185,245.0,55.05,171.80185185185184
11,2026-07-01,Sos spicy majo 30ml,DODATKI,1,4.0,1.0,8.0,4.0,0.2962962962962963,3.7037037037037037,2.7037037037037037,0.73,0.27,3.7037037037037037,4.0,1.0,2.7037037037037037
12,2026-07-01,Vibe roll ŁOSOŚ SUROWY | 8 szt,ROLKI AUTORSKIE,1,62.0,10.28,8.0,62.0,4.592592592592593,57.407407407407405,47.127407407407404,0.8209290322580645,0.17907096774193548,57.407407407407405,62.0,10.28,47.127407407407404
13,2026-07-01,Futomaki ŁOSOŚ SUROWY | 6 szt,FUTOMAKI,1,38.0,7.81,8.0,38.0,2.814814814814815,35.18518518518518,27.375185185185185,0.7780315789473684,0.2219684210526316,35.18518518518518,38.0,7.81,27.375185185185185
14,2026-07-01,Futomaki KALMAR PANKO | 6 szt,FUTOMAKI,4,128.0,5.7,23.0,32.0,5.983739837398374,26.016260162601625,20.316260162601626,0.78090625,0.21909375,104.0650406504065,128.0,22.8,81.2650406504065
15,2026-07-01,Futomaki GRZYBY SHIITAKE | 6 szt,WEGE MENU,1,26.0,6.61,8.0,26.0,1.9259259259259258,24.074074074074073,17.464074074074073,0.7254307692307692,0.2745692307692308,24.074074074074073,26.0,6.61,17.464074074074073
16,2026-07-01,Futomaki KREWETKA PANKO | 6 szt,FUTOMAKI,2,80.0,8.72,23.0,40.0,7.479674796747967,32.520325203252035,23.800325203252036,0.7318600000000001,0.26814,65.04065040650407,80.0,17.44,47.60065040650407
17,2026-07-01,Krabs - Burger,SUSHI BURGER,2,110.0,12.27,8.0,55.0,4.074074074074074,50.925925925925924,38.65592592592593,0.7590618181818183,0.24093818181818183,101.85185185185185,110.0,24.54,77.31185185185186
18,2026-07-01,Krewetki w tempurze | 6 szt,PRZEKĄSKI,1,45.0,11.29,23.0,45.0,8.414634146341463,36.58536585365854,25.295365853658538,0.6914066666666667,0.30859333333333333,36.58536585365854,45.0,11.29,25.295365853658538
19,2026-07-01,Atlantic Wave roll | 8 szt,ROLKI AUTORSKIE,1,60.0,13.87,23.0,60.0,11.21951219512195,48.78048780487805,34.91048780487805,0.7156650000000001,0.284335,48.78048780487805,60.0,13.87,34.91048780487805
20,2026-07-01,Futomaki FRESH ROLL | 6 szt,FUTOMAKI,4,140.0,6.39,8.0,35.0,2.5925925925925926,32.407407407407405,26.017407407407404,0.8028228571428571,0.19717714285714286,129.62962962962962,140.0,25.56,104.06962962962962
21,2026-07-01,Sos teriyaki 30ml,DODATKI,1,4.0,1.0,8.0,4.0,0.2962962962962963,3.7037037037037037,2.7037037037037037,0.73,0.27,3.7037037037037037,4.0,1.0,2.7037037037037037
22,2026-07-01,Futomaki WARZYWA W TEMPURZE | 6 szt,WEGE MENU,1,25.0,4.56,8.0,25.0,1.8518518518518519,23.14814814814815,18.58814814814815,0.803008,0.19699199999999997,23.14814814814815,25.0,4.56,18.58814814814815
23,2026-07-01,Philadelphia mix | 8 szt,PHILADELPHIA,1,55.0,14.28,8.0,55.0,4.074074074074074,50.925925925925924,36.64592592592592,0.7195927272727273,0.2804072727272727,50.925925925925924,55.0,14.28,36.64592592592592
24,2026-07-01,Hosomaki KREWETKA PANKO | 8 szt,HOSOMAKI,1,30.0,7.4,23.0,30.0,5.609756097560975,24.390243902439025,16.990243902439026,0.6966000000000001,0.3034,24.390243902439025,30.0,7.4,16.990243902439026
25,2026-07-01,Duo Set | 28 szt,ZESTAWY,1,180.0,34.6,8.0,180.0,13.333333333333334,166.66666666666666,132.06666666666666,0.7924,0.2076,166.66666666666666,180.0,34.6,132.06666666666666
26,2026-07-02,Futomaki KREWETKA EBI | 6 szt,FUTOMAKI,1,38.0,8.33,23.0,38.0,7.105691056910569,30.89430894308943,22.56430894308943,0.7303710526315789,0.2696289473684211,30.89430894308943,38.0,8.33,22.56430894308943
27,2026-07-02,Pomocnik do pałeczek,DODATKI,1,1.0,0.5,23.0,1.0,0.18699186991869918,0.8130081300813008,0.3130081300813008,0.385,0.615,0.8130081300813008,1.0,0.5,0.3130081300813008
28,2026-07-02,Futomaki TATAR Z ŁOSOSIA | 6 szt,FUTOMAKI,1,48.0,10.75,8.0,48.0,3.5555555555555554,44.44444444444444,33.69444444444444,0.7581249999999999,0.241875,44.44444444444444,48.0,10.75,33.69444444444444
29,2026-07-02,Krewetki w tempurze | 6 szt,PRZEKĄSKI,1,45.0,11.29,23.0,45.0,8.414634146341463,36.58536585365854,25.295365853658538,0.6914066666666667,0.30859333333333333,36.58536585365854,45.0,11.29,25.295365853658538
30,2026-07-02,Miso z łososiem | 350 ml,ZUPY,1,27.0,3.59,8.0,27.0,2.0,25.0,21.41,0.8564,0.1436,25.0,27.0,3.59,21.41
31,2026-07-02,Vibe Set | 32 szt,ZESTAWY,1,200.0,50.77,8.0,200.0,14.814814814814815,185.1851851851852,134.41518518518518,0.725842,0.274158,185.1851851851852,200.0,50.77,134.41518518518518
32,2026-07-02,Miyagi Set | 30 szt,ZESTAWY,1,130.0,27.61,8.0,130.0,9.62962962962963,120.37037037037037,92.76037037037037,0.7706246153846154,0.22937538461538462,120.37037037037037,130.0,27.61,92.76037037037037
33,2026-07-02,Sushi burger KREWETKA PANKO,SUSHI BURGER,1,60.0,13.4,23.0,60.0,11.21951219512195,48.78048780487805,35.38048780487805,0.7253000000000001,0.2747,48.78048780487805,60.0,13.4,35.38048780487805
34,2026-07-02,Tempura fusion roll | 8 szt,ROLKI AUTORSKIE,1,68.0,12.44,23.0,68.0,12.715447154471544,55.28455284552845,42.844552845528455,0.7749823529411765,0.22501764705882354,55.28455284552845,68.0,12.44,42.844552845528455
35,2026-07-02,Futomaki ŁOSOŚ SUROWY | 6 szt,FUTOMAKI,1,38.0,7.81,8.0,38.0,2.814814814814815,35.18518518518518,27.375185185185185,0.7780315789473684,0.2219684210526316,35.18518518518518,38.0,7.81,27.375185185185185
36,2026-07-02,Sushi burger ŁOSOŚ SUROWY,SUSHI BURGER,1,60.0,11.91,8.0,60.0,4.444444444444445,55.55555555555556,43.64555555555556,0.7856200000000001,0.21438,55.55555555555556,60.0,11.91,43.64555555555556
37,2026-07-02,California ŁOSOŚ SUROWY | 8 szt,CALIFORNIA,1,65.0,12.98,8.0,65.0,4.814814814814815,60.18518518518518,47.20518518518519,0.7843323076923078,0.2156676923076923,60.18518518518518,65.0,12.98,47.20518518518519
38,2026-07-02,Feliks roll | 8 szt,ROLKI AUTORSKIE,1,58.0,9.74,8.0,58.0,4.296296296296297,53.7037037037037,43.9637037037037,0.8186344827586206,0.1813655172413793,53.7037037037037,58.0,9.74,43.9637037037037
39,2026-07-02,Futomaki ŁOSOŚ GRILLOWANY | 6 szt,FUTOMAKI,4,152.0,7.51,8.0,38.0,2.814814814814815,35.18518518518518,27.675185185185185,0.7865578947368421,0.2134421052631579,140.74074074074073,152.0,30.04,110.70074074074074
40,2026-07-02,Sos unagi,DODATKI,2,6.0,1.0,8.0,3.0,0.2222222222222222,2.7777777777777777,1.7777777777777777,0.64,0.36,5.555555555555555,6.0,2.0,3.5555555555555554
41,2026-07-02,Futomaki KREWETKA PANKO | 6 szt / 12 szt,FUTOMAKI,1,37.0,8.72,23.0,37.0,6.91869918699187,30.08130081300813,21.36130081300813,0.7101189189189189,0.28988108108108107,30.08130081300813,37.0,8.72,21.36130081300813
42,2026-07-02,Miso z krewetkami | 350 ml,ZUPY,1,27.0,5.45,23.0,27.0,5.048780487804878,21.951219512195124,16.501219512195124,0.7517222222222223,0.24827777777777776,21.951219512195124,27.0,5.45,16.501219512195124
43,2026-07-02,Sushi burger KREWETKA PANKO,SUSHI BURGER,3,195.0,13.4,23.0,65.0,12.154471544715447,52.84552845528455,39.44552845528455,0.7464307692307692,0.25356923076923077,158.53658536585365,195.0,40.2,118.33658536585365
44,2026-07-02,Sushi burger ŁOSOŚ GRILLOWANY,SUSHI BURGER,1,65.0,11.18,8.0,65.0,4.814814814814815,60.18518518518518,49.005185185185184,0.81424,0.18576,60.18518518518518,65.0,11.18,49.005185185185184
45,2026-07-02,PROMO 1+1=3 Sushi burgery,SUSHI BURGER,1,120.0,35.36,8.0,120.0,8.88888888888889,111.11111111111111,75.75111111111111,0.68176,0.31823999999999997,111.11111111111111,120.0,35.36,75.75111111111111
46,2026-07-02,Sałatka wakame,PRZEKĄSKI,1,15.0,2.5,8.0,15.0,1.1111111111111112,13.88888888888889,11.38888888888889,0.82,0.18,13.88888888888889,15.0,2.5,11.38888888888889
47,2026-07-02,Miyagi Set | 30 szt,ZESTAWY,1,140.0,27.61,8.0,140.0,10.37037037037037,129.62962962962962,102.01962962962962,0.7870085714285714,0.21299142857142858,129.62962962962962,140.0,27.61,102.01962962962962
48,2026-07-03,Zestaw Hosomaki | 56 szt,ZESTAWY,1,100.0,23.48,8.0,100.0,7.407407407407407,92.5925925925926,69.11259259259259,0.746416,0.253584,92.5925925925926,100.0,23.48,69.11259259259259
49,2026-07-03,Sos sojowy 30ml,DODATKI,1,4.0,0.5,8.0,4.0,0.2962962962962963,3.7037037037037037,3.2037037037037037,0.865,0.135,3.7037037037037037,4.0,0.5,3.2037037037037037
50,2026-07-03,Feliks roll | 8 szt,ROLKI AUTORSKIE,1,45.0,9.74,8.0,45.0,3.3333333333333335,41.666666666666664,31.926666666666662,0.7662399999999999,0.23376000000000002,41.666666666666664,45.0,9.74,31.926666666666662
51,2026-07-03,Zestaw Philadelphia + Krabs Burger -50%,SUSHI BURGER,1,170.0,50.3,8.0,170.0,12.592592592592593,157.40740740740742,107.10740740740742,0.6804470588235294,0.31955294117647054,157.40740740740742,170.0,50.3,107.10740740740742
52,2026-07-03,Red dragon roll | 8 szt,ROLKI AUTORSKIE,1,95.0,14.85,23.0,95.0,17.764227642276424,77.23577235772358,62.385772357723575,0.8077315789473684,0.1922684210526316,77.23577235772358,95.0,14.85,62.385772357723575
53,2026-07-03,Vibe Set | 32 szt,ZESTAWY,1,240.0,50.77,8.0,240.0,17.77777777777778,222.22222222222223,171.45222222222222,0.771535,0.228465,222.22222222222223,240.0,50.77,171.45222222222222
54,2026-07-03,Hosomaki ŁOSOŚ SUROWY | 8 szt,HOSOMAKI,1,26.0,6.01,8.0,26.0,1.9259259259259258,24.074074074074073,18.06407407407407,0.750353846153846,0.24964615384615385,24.074074074074073,26.0,6.01,18.06407407407407
55,2026-07-03,Sakura Set | 62 szt,ZESTAWY,1,295.0,69.78,8.0,295.0,21.85185185185185,273.14814814814815,203.36814814814815,0.7445342372881356,0.2554657627118644,273.14814814814815,295.0,69.78,203.36814814814815
56,2026-07-03,Sos teriyaki 30ml,DODATKI,1,4.0,1.0,8.0,4.0,0.2962962962962963,3.7037037037037037,2.7037037037037037,0.73,0.27,3.7037037037037037,4.0,1.0,2.7037037037037037
57,2026-07-03,Zestaw Hikari | 48 szt,ZESTAWY,1,245.0,55.05,8.0,245.0,18.14814814814815,226.85185185185185,171.80185185185184,0.757330612244898,0.24266938775510202,226.85185185185185,245.0,55.05,171.80185185185184
58,2026-07-03,Tiger roll | 8 szt,ROLKI AUTORSKIE,1,58.0,15.02,23.0,58.0,10.845528455284553,47.15447154471545,32.13447154471545,0.6814724137931035,0.31852758620689653,47.15447154471545,58.0,15.02,32.13447154471545
59,2026-07-03,Sos unagi 30ml,DODATKI,1,4.0,1.0,8.0,4.0,0.2962962962962963,3.7037037037037037,2.7037037037037037,0.73,0.27,3.7037037037037037,4.0,1.0,2.7037037037037037
60,2026-07-03,Sushi burger WEGE,SUSHI BURGER,1,50.0,8.54,8.0,50.0,3.7037037037037037,46.2962962962963,37.7562962962963,0.815536,0.184464,46.2962962962963,50.0,8.54,37.7562962962963
61,2026-07-03,Krabs - Burger,SUSHI BURGER,1,25.0,12.27,8.0,25.0,1.8518518518518519,23.14814814814815,10.87814814814815,0.469936,0.530064,23.14814814814815,25.0,12.27,10.87814814814815
62,2026-07-03,Sos teriyaki 30ml,DODATKI,1,3.0,1.0,8.0,3.0,0.2222222222222222,2.7777777777777777,1.7777777777777777,0.64,0.36,2.7777777777777777,3.0,1.0,1.7777777777777777
63,2026-07-03,Sos sojowy 30ml,DODATKI,1,3.0,0.5,8.0,3.0,0.2222222222222222,2.7777777777777777,2.2777777777777777,0.82,0.18,2.7777777777777777,3.0,0.5,2.2777777777777777
64,2026-07-03,Zapieczona rolka FELIX | 8 szt,ROLKI ZAPIECZONE,1,60.0,10.83,8.0,60.0,4.444444444444445,55.55555555555556,44.72555555555556,0.80506,0.19494,55.55555555555556,60.0,10.83,44.72555555555556
65,2026-07-03,Futomaki TATAR Z ŁOSOSIA | 6 szt,FUTOMAKI,1,48.0,10.75,8.0,48.0,3.5555555555555554,44.44444444444444,33.69444444444444,0.7581249999999999,0.241875,44.44444444444444,48.0,10.75,33.69444444444444
66,2026-07-03,Saga roll | 8 szt,ROLKI AUTORSKIE,1,75.0,16.78,23.0,75.0,14.024390243902438,60.97560975609756,44.19560975609756,0.724808,0.275192,60.97560975609756,75.0,16.78,44.19560975609756
67,2026-07-03,Futomaki FRESH ROLL | 6 szt,FUTOMAKI,4,140.0,6.39,8.0,35.0,2.5925925925925926,32.407407407407405,26.017407407407404,0.8028228571428571,0.19717714285714286,129.62962962962962,140.0,25.56,104.06962962962962
68,2026-07-03,Feliks roll | 8 szt,ROLKI AUTORSKIE,1,45.0,9.74,8.0,45.0,3.3333333333333335,41.666666666666664,31.926666666666662,0.7662399999999999,0.23376000000000002,41.666666666666664,45.0,9.74,31.926666666666662
69,2026-07-03,Hosomaki KREWETKA EBI | 8 szt,HOSOMAKI,1,28.0,6.58,23.0,28.0,5.235772357723577,22.764227642276424,16.184227642276426,0.7109500000000001,0.28905,22.764227642276424,28.0,6.58,16.184227642276426
70,2026-07-03,Futomaki KALMAR PANKO | 6 szt,FUTOMAKI,10,320.0,5.7,23.0,32.0,5.983739837398374,26.016260162601625,20.316260162601626,0.78090625,0.21909375,260.1626016260162,320.0,57.0,203.16260162601623
71,2026-07-03,PROMO 1+1=3 Sushi burgery,SUSHI BURGER,6,720.0,35.36,8.0,120.0,8.88888888888889,111.11111111111111,75.75111111111111,0.68176,0.31823999999999997,666.6666666666667,720.0,212.16,454.5066666666668
72,2026-07-03,Futomaki ŁOSOŚ GRILLOWANY | 6 szt / 12 szt,FUTOMAKI,3,105.0,7.51,8.0,35.0,2.5925925925925926,32.407407407407405,24.897407407407407,0.7682628571428571,0.23173714285714286,97.22222222222221,105.0,22.53,74.69222222222221
73,2026-07-03,Zestaw Startowy | 16 szt,ZESTAWY,2,163.8,20.13,8.0,81.9,6.066666666666667,75.83333333333334,55.70333333333335,0.7345494505494506,0.2654505494505494,151.66666666666669,163.8,40.26,111.4066666666667
74,2026-07-03,Futomaki ŁOSOŚ SUROWY | 6 szt,FUTOMAKI,2,76.0,7.81,8.0,38.0,2.814814814814815,35.18518518518518,27.375185185185185,0.7780315789473684,0.2219684210526316,70.37037037037037,76.0,15.62,54.75037037037037
75,2026-07-03,Philadelphia łosoś | 8 szt,PHILADELPHIA,2,110.0,14.42,8.0,55.0,4.074074074074074,50.925925925925924,36.50592592592592,0.7168436363636363,0.28315636363636365,101.85185185185185,110.0,28.84,73.01185185185184
76,2026-07-03,Gunkan Ebi | 2 szt,GUNKANY,2,50.0,6.4,23.0,25.0,4.67479674796748,20.32520325203252,13.925203252032519,0.68512,0.31488000000000005,40.65040650406504,50.0,12.8,27.850406504065038
77,2026-07-03,Futomaki ŁOSOŚ GRILLOWANY | 6 szt,FUTOMAKI,14,532.0,7.51,8.0,38.0,2.814814814814815,35.18518518518518,27.675185185185185,0.7865578947368421,0.2134421052631579,492.59259259259255,532.0,105.14,387.45259259259257
78,2026-07-03,Sałatka wakame,PRZEKĄSKI,2,30.0,2.5,8.0,15.0,1.1111111111111112,13.88888888888889,11.38888888888889,0.82,0.18,27.77777777777778,30.0,5.0,22.77777777777778
79,2026-07-03,California KRAB-MIX | 8 szt,CALIFORNIA,2,90.0,7.71,8.0,45.0,3.3333333333333335,41.666666666666664,33.95666666666666,0.81496,0.18504,83.33333333333333,90.0,15.42,67.91333333333333
80,2026-07-03,California Warzywa w tempurze | 8 szt,WEGE MENU,1,50.0,5.31,8.0,50.0,3.7037037037037037,46.2962962962963,40.986296296296295,0.885304,0.11469599999999999,46.2962962962963,50.0,5.31,40.986296296296295
81,2026-07-03,California ŁOSOŚ SUROWY | 8 szt,CALIFORNIA,1,56.0,12.98,8.0,56.0,4.148148148148148,51.851851851851855,38.87185185185186,0.7496714285714287,0.2503285714285714,51.851851851851855,56.0,12.98,38.87185185185186
82,2026-07-03,Futomaki WARZYWA W TEMPURZE | 6 szt,WEGE MENU,1,22.0,4.56,8.0,22.0,1.6296296296296295,20.37037037037037,15.810370370370372,0.7761454545454546,0.22385454545454544,20.37037037037037,22.0,4.56,15.810370370370372
83,2026-07-03,Philadelphia łosoś | 8 szt,PHILADELPHIA,1,76.0,14.42,8.0,76.0,5.62962962962963,70.37037037037037,55.950370370370365,0.7950842105263157,0.20491578947368422,70.37037037037037,76.0,14.42,55.950370370370365
84,2026-07-03,California ŁOSOŚ GRILLOWANY | 8 szt,CALIFORNIA,1,55.0,11.5,8.0,55.0,4.074074074074074,50.925925925925924,39.425925925925924,0.7741818181818182,0.22581818181818183,50.925925925925924,55.0,11.5,39.425925925925924
85,2026-07-03,Zestaw Philadelphia | 24 szt,ZESTAWY,1,170.0,38.04,8.0,170.0,12.592592592592593,157.40740740740742,119.36740740740743,0.7583341176470589,0.24166588235294115,157.40740740740742,170.0,38.04,119.36740740740743
86,2026-07-03,Kalmary w tempurze | 8 szt,PRZEKĄSKI,1,45.0,6.03,23.0,45.0,8.414634146341463,36.58536585365854,30.555365853658536,0.8351799999999999,0.16482,36.58536585365854,45.0,6.03,30.555365853658536
87,2026-07-04,Sakura Set | 62 szt,ZESTAWY,1,295.0,69.78,8.0,295.0,21.85185185185185,273.14814814814815,203.36814814814815,0.7445342372881356,0.2554657627118644,273.14814814814815,295.0,69.78,203.36814814814815
88,2026-07-04,Yakuza roll | 8 szt,ROLKI AUTORSKIE,1,65.0,17.24,23.0,65.0,12.154471544715447,52.84552845528455,35.605528455284556,0.6737661538461539,0.32623384615384615,52.84552845528455,65.0,17.24,35.605528455284556
89,2026-07-04,California KREWETKA GOTOWANA | 8 szt,CALIFORNIA,1,55.0,15.05,23.0,55.0,10.284552845528456,44.71544715447155,29.665447154471547,0.6634272727272728,0.33657272727272725,44.71544715447155,55.0,15.05,29.665447154471547
90,2026-07-04,Tiger roll | 8 szt,ROLKI AUTORSKIE,1,58.0,15.02,23.0,58.0,10.845528455284553,47.15447154471545,32.13447154471545,0.6814724137931035,0.31852758620689653,47.15447154471545,58.0,15.02,32.13447154471545
91,2026-07-04,Zestaw Philadelphia | 24 szt,ZESTAWY,1,170.0,38.04,8.0,170.0,12.592592592592593,157.40740740740742,119.36740740740743,0.7583341176470589,0.24166588235294115,157.40740740740742,170.0,38.04,119.36740740740743
92,2026-07-04,Rolka w tempurze ŁOSOŚ SUROWY | 8 szt,ROLKI W TEMPURZE,1,60.0,12.89,8.0,60.0,4.444444444444445,55.55555555555556,42.66555555555556,0.76798,0.23202,55.55555555555556,60.0,12.89,42.66555555555556
93,2026-07-04,Miso z łososiem | 350 ml,ZUPY,1,27.0,3.59,8.0,27.0,2.0,25.0,21.41,0.8564,0.1436,25.0,27.0,3.59,21.41
94,2026-07-04,,,1,60.0,,,60.0,,,,,,,60.0,,
95,2026-07-04,,,1,8.0,,,8.0,,,,,,,8.0,,
96,2026-07-04,Futomaki ŁOSOŚ SUROWY | 6 szt / 12 szt,FUTOMAKI,1,36.0,7.81,8.0,36.0,2.6666666666666665,33.333333333333336,25.523333333333337,0.7657,0.23429999999999998,33.333333333333336,36.0,7.81,25.523333333333337
97,2026-07-04,California RAINBOW | 8 szt,CALIFORNIA,1,72.0,15.34,8.0,72.0,5.333333333333333,66.66666666666667,51.32666666666667,0.7698999999999999,0.23009999999999997,66.66666666666667,72.0,15.34,51.32666666666667
98,2026-07-04,Sos spicy majo 30ml,DODATKI,2,6.0,1.0,8.0,3.0,0.2222222222222222,2.7777777777777777,1.7777777777777777,0.64,0.36,5.555555555555555,6.0,2.0,3.5555555555555554
99,2026-07-04,Sos sojowy 30ml,DODATKI,2,6.0,0.5,8.0,3.0,0.2222222222222222,2.7777777777777777,2.2777777777777777,0.82,0.18,5.555555555555555,6.0,1.0,4.555555555555555
100,2026-07-04,Wasabi,DODATKI,1,2.0,0.3,8.0,2.0,0.14814814814814814,1.8518518518518519,1.5518518518518518,0.838,0.162,1.8518518518518519,2.0,0.3,1.5518518518518518
101,2026-07-04,Teriyaki,DODATKI,1,3.0,1.0,8.0,3.0,0.2222222222222222,2.7777777777777777,1.7777777777777777,0.64,0.36,2.7777777777777777,3.0,1.0,1.7777777777777777
102,2026-07-04,Futomaki KALMAR PANKO | 6 szt / 12 szt,FUTOMAKI,1,32.0,5.7,23.0,32.0,5.983739837398374,26.016260162601625,20.316260162601626,0.78090625,0.21909375,26.016260162601625,32.0,5.7,20.316260162601626
103,2026-07-04,Zapieczona rolka ŁOSOŚ SUROWY | 8 szt,ROLKI ZAPIECZONE,1,60.0,12.11,8.0,60.0,4.444444444444445,55.55555555555556,43.44555555555556,0.78202,0.21797999999999998,55.55555555555556,60.0,12.11,43.44555555555556
104,2026-07-04,Vibe Set | 32 szt,ZESTAWY,1,200.0,50.77,8.0,200.0,14.814814814814815,185.1851851851852,134.41518518518518,0.725842,0.274158,185.1851851851852,200.0,50.77,134.41518518518518
105,2026-07-04,Rolka w tempurze KREWETKA EBI | 8 szt,ROLKI W TEMPURZE,1,60.0,13.79,23.0,60.0,11.21951219512195,48.78048780487805,34.99048780487805,0.717305,0.282695,48.78048780487805,60.0,13.79,34.99048780487805
106,2026-07-04,Red dragon roll | 8 szt,ROLKI AUTORSKIE,1,82.0,14.85,23.0,82.0,15.333333333333334,66.66666666666667,51.81666666666667,0.77725,0.22274999999999998,66.66666666666667,82.0,14.85,51.81666666666667
107,2026-07-04,Futomaki ŁOSOŚ GRILLOWANY | 6 szt,FUTOMAKI,4,152.0,7.51,8.0,38.0,2.814814814814815,35.18518518518518,27.675185185185185,0.7865578947368421,0.2134421052631579,140.74074074074073,152.0,30.04,110.70074074074074
108,2026-07-04,Vibe Set | 32 szt,ZESTAWY,3,600.0,50.77,8.0,200.0,14.814814814814815,185.1851851851852,134.41518518518518,0.725842,0.274158,555.5555555555555,600.0,152.31,403.24555555555554
109,2026-07-04,PROMO 1+1=3 Sushi burgery,SUSHI BURGER,3,360.0,35.36,8.0,120.0,8.88888888888889,111.11111111111111,75.75111111111111,0.68176,0.31823999999999997,333.33333333333337,360.0,106.08,227.2533333333334
110,2026-07-04,Philadelphia mix | 8 szt,PHILADELPHIA,2,110.0,14.28,8.0,55.0,4.074074074074074,50.925925925925924,36.64592592592592,0.7195927272727273,0.2804072727272727,101.85185185185185,110.0,28.56,73.29185185185185
111,2026-07-04,Miso z krewetkami | 350 ml,ZUPY,2,54.0,5.45,23.0,27.0,5.048780487804878,21.951219512195124,16.501219512195124,0.7517222222222223,0.24827777777777776,43.90243902439025,54.0,10.9,33.00243902439025
112,2026-07-04,Red alert roll | 8 szt,ROLKI AUTORSKIE,2,134.0,15.51,23.0,67.0,12.528455284552846,54.47154471544715,38.961544715447154,0.7152641791044776,0.2847358208955224,108.9430894308943,134.0,31.02,77.92308943089431
113,2026-07-04,Futomaki FRESH ROLL | 6 szt,FUTOMAKI,2,70.0,6.39,8.0,35.0,2.5925925925925926,32.407407407407405,26.017407407407404,0.8028228571428571,0.19717714285714286,64.81481481481481,70.0,12.78,52.03481481481481
114,2026-07-04,Zestaw Philadelphia | 24 szt,ZESTAWY,2,340.0,38.04,8.0,170.0,12.592592592592593,157.40740740740742,119.36740740740743,0.7583341176470589,0.24166588235294115,314.81481481481484,340.0,76.08,238.73481481481485
115,2026-07-04,Coca cola 0.5l,NAPOJE,1,10.0,7.0,23.0,10.0,1.8699186991869918,8.130081300813009,1.1300813008130088,0.13900000000000007,0.8609999999999999,8.130081300813009,10.0,7.0,1.1300813008130088
116,2026-07-04,Gunkan ŁOSOŚ SUROWY | 2 szt,GUNKANY,1,28.0,5.81,8.0,28.0,2.074074074074074,25.925925925925927,20.11592592592593,0.7759,0.22409999999999997,25.925925925925927,28.0,5.81,20.11592592592593
117,2026-07-04,Sushi burger ŁOSOŚ GRILLOWANY,SUSHI BURGER,1,60.0,11.18,8.0,60.0,4.444444444444445,55.55555555555556,44.37555555555556,0.79876,0.20124,55.55555555555556,60.0,11.18,44.37555555555556
118,2026-07-04,Philadelphia cheddar | 8 szt,PHILADELPHIA,1,60.0,14.47,8.0,60.0,4.444444444444445,55.55555555555556,41.08555555555556,0.73954,0.26046,55.55555555555556,60.0,14.47,41.08555555555556
119,2026-07-04,Futomaki KREWETKA PANKO | 6 szt / 12 szt,FUTOMAKI,1,37.0,8.72,23.0,37.0,6.91869918699187,30.08130081300813,21.36130081300813,0.7101189189189189,0.28988108108108107,30.08130081300813,37.0,8.72,21.36130081300813
120,2026-07-04,Zestaw Startowy | 16 szt,ZESTAWY,1,81.9,20.13,8.0,81.9,6.066666666666667,75.83333333333334,55.70333333333335,0.7345494505494506,0.2654505494505494,75.83333333333334,81.9,20.13,55.70333333333335
121,2026-07-04,California KRAB-MIX | 8 szt,CALIFORNIA,2,90.0,7.71,8.0,45.0,3.3333333333333335,41.666666666666664,33.95666666666666,0.81496,0.18504,83.33333333333333,90.0,15.42,67.91333333333333
122,2026-07-04,Futomaki WARZYWA W TEMPURZE | 6 szt,WEGE MENU,1,22.0,4.56,8.0,22.0,1.6296296296296295,20.37037037037037,15.810370370370372,0.7761454545454546,0.22385454545454544,20.37037037037037,22.0,4.56,15.810370370370372
123,2026-07-05,Black dragon roll | 8 szt,ROLKI AUTORSKIE,1,70.0,18.29,8.0,70.0,5.185185185185185,64.81481481481481,46.52481481481481,0.7178114285714285,0.28218857142857146,64.81481481481481,70.0,18.29,46.52481481481481
124,2026-07-05,California KREWETKA PANKO | 8 szt,CALIFORNIA,1,58.0,10.5,23.0,58.0,10.845528455284553,47.15447154471545,36.65447154471545,0.7773275862068966,0.22267241379310343,47.15447154471545,58.0,10.5,36.65447154471545
125,2026-07-05,Futomaki OMLET TAMAGO | 6 szt,WEGE MENU,1,26.0,2.5,8.0,26.0,1.9259259259259258,24.074074074074073,21.574074074074073,0.8961538461538462,0.10384615384615385,24.074074074074073,26.0,2.5,21.574074074074073
126,2026-07-05,Krabs - Burger,SUSHI BURGER,1,55.0,12.27,8.0,55.0,4.074074074074074,50.925925925925924,38.65592592592593,0.7590618181818183,0.24093818181818183,50.925925925925924,55.0,12.27,38.65592592592593
127,2026-07-05,Sunrise roll | 8 szt,ROLKI AUTORSKIE,1,57.0,14.16,23.0,57.0,10.658536585365853,46.34146341463415,32.18146341463415,0.694442105263158,0.3055578947368421,46.34146341463415,57.0,14.16,32.18146341463415
128,2026-07-05,Sałatka wakame,PRZEKĄSKI,1,15.0,2.5,8.0,15.0,1.1111111111111112,13.88888888888889,11.38888888888889,0.82,0.18,13.88888888888889,15.0,2.5,11.38888888888889
129,2026-07-05,California KRAB-MIX | 8 szt,CALIFORNIA,1,45.0,7.71,8.0,45.0,3.3333333333333335,41.666666666666664,33.95666666666666,0.81496,0.18504,41.666666666666664,45.0,7.71,33.95666666666666
130,2026-07-05,Sushi burger ŁOSOŚ GRILLOWANY,SUSHI BURGER,1,65.0,11.18,8.0,65.0,4.814814814814815,60.18518518518518,49.005185185185184,0.81424,0.18576,60.18518518518518,65.0,11.18,49.005185185185184
131,2026-07-05,Philadelphia węgorz unagi | 8 szt,PHILADELPHIA,1,60.0,14.02,8.0,60.0,4.444444444444445,55.55555555555556,41.53555555555556,0.7476400000000001,0.25236,55.55555555555556,60.0,14.02,41.53555555555556
132,2026-07-05,Zapieczona rolka KRAB-MIX | 8 szt,ROLKI ZAPIECZONE,1,50.0,7.53,8.0,50.0,3.7037037037037037,46.2962962962963,38.7662962962963,0.837352,0.162648,46.2962962962963,50.0,7.53,38.7662962962963
133,2026-07-05,Sushi burger ŁOSOŚ GRILLOWANY,SUSHI BURGER,1,60.0,11.18,8.0,60.0,4.444444444444445,55.55555555555556,44.37555555555556,0.79876,0.20124,55.55555555555556,60.0,11.18,44.37555555555556
134,2026-07-05,California TUŃCZYK SUROWY | 8 szt,CALIFORNIA,1,55.0,13.22,8.0,55.0,4.074074074074074,50.925925925925924,37.705925925925925,0.7404072727272727,0.2595927272727273,50.925925925925924,55.0,13.22,37.705925925925925
135,2026-07-05,Yakuza roll | 8 szt,ROLKI AUTORSKIE,1,65.0,17.24,23.0,65.0,12.154471544715447,52.84552845528455,35.605528455284556,0.6737661538461539,0.32623384615384615,52.84552845528455,65.0,17.24,35.605528455284556
136,2026-07-05,Vibe Set | 32 szt,ZESTAWY,1,200.0,50.77,8.0,200.0,14.814814814814815,185.1851851851852,134.41518518518518,0.725842,0.274158,185.1851851851852,200.0,50.77,134.41518518518518
137,2026-07-05,Futomaki KREWETKA PANKO | 6 szt,FUTOMAKI,1,40.0,8.72,23.0,40.0,7.479674796747967,32.520325203252035,23.800325203252036,0.7318600000000001,0.26814,32.520325203252035,40.0,8.72,23.800325203252036
138,2026-07-05,Futomaki AWOKADO | 6 szt,WEGE MENU,1,25.0,5.93,8.0,25.0,1.8518518518518519,23.14814814814815,17.21814814814815,0.743824,0.25617599999999996,23.14814814814815,25.0,5.93,17.21814814814815
139,2026-07-05,California z czarnym ryżem ŁOSOŚ SUROWY | 8 szt,CALIFORNIA,1,60.0,12.98,8.0,60.0,4.444444444444445,55.55555555555556,42.57555555555555,0.7663599999999999,0.23364000000000001,55.55555555555556,60.0,12.98,42.57555555555555
140,2026-07-05,Futomaki KREWETKA PANKO | 6 szt / 12 szt,FUTOMAKI,1,37.0,8.72,23.0,37.0,6.91869918699187,30.08130081300813,21.36130081300813,0.7101189189189189,0.28988108108108107,30.08130081300813,37.0,8.72,21.36130081300813
141,2026-07-05,Sos sojowy 30ml,DODATKI,1,3.0,0.5,8.0,3.0,0.2222222222222222,2.7777777777777777,2.2777777777777777,0.82,0.18,2.7777777777777777,3.0,0.5,2.2777777777777777
142,2026-07-05,Sos spicy majo 30ml,DODATKI,1,3.0,1.0,8.0,3.0,0.2222222222222222,2.7777777777777777,1.7777777777777777,0.64,0.36,2.7777777777777777,3.0,1.0,1.7777777777777777
143,2026-07-05,Rolka w tempurze ŁOSOŚ SUROWY | 8 szt,ROLKI W TEMPURZE,1,60.0,12.89,8.0,60.0,4.444444444444445,55.55555555555556,42.66555555555556,0.76798,0.23202,55.55555555555556,60.0,12.89,42.66555555555556
144,2026-07-05,Sos spicy majo 30ml,DODATKI,1,4.0,1.0,8.0,4.0,0.2962962962962963,3.7037037037037037,2.7037037037037037,0.73,0.27,3.7037037037037037,4.0,1.0,2.7037037037037037
145,2026-07-05,Krewetki w tempurze | 6 szt,PRZEKĄSKI,1,40.0,11.29,23.0,40.0,7.479674796747967,32.520325203252035,21.230325203252036,0.6528325,0.34716749999999996,32.520325203252035,40.0,11.29,21.230325203252036
146,2026-07-05,Miyagi Set | 30 szt,ZESTAWY,1,130.0,27.61,8.0,130.0,9.62962962962963,120.37037037037037,92.76037037037037,0.7706246153846154,0.22937538461538462,120.37037037037037,130.0,27.61,92.76037037037037
147,2026-07-05,Hosomaki OGÓREK | 8 szt,HOSOMAKI,1,18.0,3.93,8.0,18.0,1.3333333333333333,16.666666666666668,12.736666666666668,0.7642,0.23579999999999998,16.666666666666668,18.0,3.93,12.736666666666668
148,2026-07-05,Futomaki ŁOSOŚ GRILLOWANY | 6 szt,FUTOMAKI,21,798.0,7.51,8.0,38.0,2.814814814814815,35.18518518518518,27.675185185185185,0.7865578947368421,0.2134421052631579,738.8888888888888,798.0,157.71,581.1788888888888
149,2026-07-05,Futomaki KALMAR PANKO | 6 szt,FUTOMAKI,14,448.0,5.7,23.0,32.0,5.983739837398374,26.016260162601625,20.316260162601626,0.78090625,0.21909375,364.2276422764228,448.0,79.8,284.4276422764228
150,2026-07-05,Futomaki FRESH ROLL | 6 szt,FUTOMAKI,8,280.0,6.39,8.0,35.0,2.5925925925925926,32.407407407407405,26.017407407407404,0.8028228571428571,0.19717714285714286,259.25925925925924,280.0,51.12,208.13925925925923
151,2026-07-05,PROMO 1+1=3 Sushi burgery,SUSHI BURGER,7,840.0,35.36,8.0,120.0,8.88888888888889,111.11111111111111,75.75111111111111,0.68176,0.31823999999999997,777.7777777777778,840.0,247.51999999999998,530.2577777777778
152,2026-07-05,Pałeczki,DODATKI,6,0.6,0.1,23.0,0.09999999999999999,0.018699186991869916,0.08130081300813008,-0.018699186991869926,-0.2300000000000001,1.2300000000000002,0.4878048780487805,0.6,0.6000000000000001,-0.11219512195121961
153,2026-07-05,Sos sojowy 30ml,DODATKI,4,16.0,0.5,8.0,4.0,0.2962962962962963,3.7037037037037037,3.2037037037037037,0.865,0.135,14.814814814814815,16.0,2.0,12.814814814814815
154,2026-07-05,Futomaki KALMAR PANKO | 6 szt / 12 szt,FUTOMAKI,3,96.0,5.7,23.0,32.0,5.983739837398374,26.016260162601625,20.316260162601626,0.78090625,0.21909375,78.04878048780488,96.0,17.1,60.948780487804875
155,2026-07-05,Philadelphia łosoś | 8 szt,PHILADELPHIA,3,165.0,14.42,8.0,55.0,4.074074074074074,50.925925925925924,36.50592592592592,0.7168436363636363,0.28315636363636365,152.77777777777777,165.0,43.26,109.51777777777778
156,2026-07-05,Futomaki FIRE HARMONY | 6 szt / 12 szt,FUTOMAKI,2,94.0,10.7,23.0,47.0,8.788617886178862,38.21138211382114,27.51138211382114,0.7199787234042553,0.28002127659574466,76.42276422764228,94.0,21.4,55.02276422764228
157,2026-07-05,Futomaki WARZYWA W TEMPURZE | 6 szt,WEGE MENU,2,50.0,4.56,8.0,25.0,1.8518518518518519,23.14814814814815,18.58814814814815,0.803008,0.19699199999999997,46.2962962962963,50.0,9.12,37.1762962962963
158,2026-07-05,Zestaw Startowy | 16 szt,ZESTAWY,2,163.8,20.13,8.0,81.9,6.066666666666667,75.83333333333334,55.70333333333335,0.7345494505494506,0.2654505494505494,151.66666666666669,163.8,40.26,111.4066666666667
159,2026-07-05,Feliks roll | 8 szt,ROLKI AUTORSKIE,2,90.0,9.74,8.0,45.0,3.3333333333333335,41.666666666666664,31.926666666666662,0.7662399999999999,0.23376000000000002,83.33333333333333,90.0,19.48,63.853333333333325
160,2026-07-05,Miyagi Set | 30 szt,ZESTAWY,1,140.0,27.61,8.0,140.0,10.37037037037037,129.62962962962962,102.01962962962962,0.7870085714285714,0.21299142857142858,129.62962962962962,140.0,27.61,102.01962962962962
161,2026-07-05,Philadelphia grill | 8 szt,PHILADELPHIA,1,65.0,15.33,8.0,65.0,4.814814814814815,60.18518518518518,44.855185185185185,0.7452861538461538,0.2547138461538462,60.18518518518518,65.0,15.33,44.855185185185185
162,2026-07-05,Hosomaki KREWETKA PANKO | 8 szt,HOSOMAKI,1,30.0,7.4,23.0,30.0,5.609756097560975,24.390243902439025,16.990243902439026,0.6966000000000001,0.3034,24.390243902439025,30.0,7.4,16.990243902439026
163,2026-07-05,Zestaw Hosomaki | 56 szt,ZESTAWY,1,100.0,23.48,8.0,100.0,7.407407407407407,92.5925925925926,69.11259259259259,0.746416,0.253584,92.5925925925926,100.0,23.48,69.11259259259259
164,2026-07-05,Futomaki ŁOSOŚ GRILLOWANY | 6 szt / 12 szt,FUTOMAKI,2,70.0,7.51,8.0,35.0,2.5925925925925926,32.407407407407405,24.897407407407407,0.7682628571428571,0.23173714285714286,64.81481481481481,70.0,15.02,49.79481481481481
165,2026-07-05,Grill Set | 30 szt,ZESTAWY,1,135.0,30.29,8.0,135.0,10.0,125.0,94.71000000000001,0.75768,0.24231999999999998,125.0,135.0,30.29,94.71000000000001
166,2026-07-05,Feliks roll | 8 szt,ROLKI AUTORSKIE,1,58.0,9.74,8.0,58.0,4.296296296296297,53.7037037037037,43.9637037037037,0.8186344827586206,0.1813655172413793,53.7037037037037,58.0,9.74,43.9637037037037
167,2026-07-05,Zapieczona rolka ŁOSOŚ SUROWY | 8 szt,ROLKI ZAPIECZONE,1,60.0,12.11,8.0,60.0,4.444444444444445,55.55555555555556,43.44555555555556,0.78202,0.21797999999999998,55.55555555555556,60.0,12.11,43.44555555555556
168,2026-07-05,Futomaki ŁOSOŚ W TEMPURZE | 6 szt,FUTOMAKI,1,52.0,8.84,8.0,52.0,3.8518518518518516,48.148148148148145,39.30814814814815,0.8164,0.1836,48.148148148148145,52.0,8.84,39.30814814814815
169,2026-07-05,Sushi burger ŁOSOŚ SUROWY,SUSHI BURGER,1,60.0,11.91,8.0,60.0,4.444444444444445,55.55555555555556,43.64555555555556,0.7856200000000001,0.21438,55.55555555555556,60.0,11.91,43.64555555555556
170,2026-07-05,California RAINBOW | 8 szt,CALIFORNIA,1,65.0,15.34,8.0,65.0,4.814814814814815,60.18518518518518,44.84518518518519,0.74512,0.25488,60.18518518518518,65.0,15.34,44.84518518518519
171,2026-07-05,Zapieczona rolka FELIX | 8 szt,ROLKI ZAPIECZONE,1,60.0,10.83,8.0,60.0,4.444444444444445,55.55555555555556,44.72555555555556,0.80506,0.19494,55.55555555555556,60.0,10.83,44.72555555555556
172,2026-07-06,Wasabi,DODATKI,1,2.0,0.3,8.0,2.0,0.14814814814814814,1.8518518518518519,1.5518518518518518,0.838,0.162,1.8518518518518519,2.0,0.3,1.5518518518518518
173,2026-07-06,Sos sojowy 30ml,DODATKI,1,3.0,0.5,8.0,3.0,0.2222222222222222,2.7777777777777777,2.2777777777777777,0.82,0.18,2.7777777777777777,3.0,0.5,2.2777777777777777
174,2026-07-06,Zestaw Kurama | 20 szt,ZESTAWY,1,130.0,27.91,8.0,130.0,9.62962962962963,120.37037037037037,92.46037037037037,0.7681323076923077,0.2318676923076923,120.37037037037037,130.0,27.91,92.46037037037037
175,2026-07-06,Philadelphia łosoś | 8 szt,PHILADELPHIA,1,55.0,14.42,8.0,55.0,4.074074074074074,50.925925925925924,36.50592592592592,0.7168436363636363,0.28315636363636365,50.925925925925924,55.0,14.42,36.50592592592592
176,2026-07-06,Gunkan ŁOSOŚ SUROWY | 2 szt,GUNKANY,1,28.0,5.81,8.0,28.0,2.074074074074074,25.925925925925927,20.11592592592593,0.7759,0.22409999999999997,25.925925925925927,28.0,5.81,20.11592592592593
177,2026-07-06,Miyagi Set | 30 szt,ZESTAWY,1,140.0,27.61,8.0,140.0,10.37037037037037,129.62962962962962,102.01962962962962,0.7870085714285714,0.21299142857142858,129.62962962962962,140.0,27.61,102.01962962962962
178,2026-07-06,Pałeczki,DODATKI,3,0.3,0.1,23.0,0.09999999999999999,0.018699186991869916,0.08130081300813008,-0.018699186991869926,-0.2300000000000001,1.2300000000000002,0.24390243902439024,0.3,0.30000000000000004,-0.056097560975609806
179,2026-07-06,Zestaw Amour | 36 szt,ZESTAWY,1,195.0,42.75,8.0,195.0,14.444444444444445,180.55555555555554,137.80555555555554,0.7632307692307693,0.2367692307692308,180.55555555555554,195.0,42.75,137.80555555555554
180,2026-07-06,California TUŃCZYK SUROWY | 8 szt,CALIFORNIA,1,55.0,13.22,8.0,55.0,4.074074074074074,50.925925925925924,37.705925925925925,0.7404072727272727,0.2595927272727273,50.925925925925924,55.0,13.22,37.705925925925925
181,2026-07-06,Sos sojowy 30ml,DODATKI,2,8.0,0.5,8.0,4.0,0.2962962962962963,3.7037037037037037,3.2037037037037037,0.865,0.135,7.407407407407407,8.0,1.0,6.407407407407407
182,2026-07-06,PROMO 1+1=3 Sushi burgery,SUSHI BURGER,3,360.0,35.36,8.0,120.0,8.88888888888889,111.11111111111111,75.75111111111111,0.68176,0.31823999999999997,333.33333333333337,360.0,106.08,227.2533333333334
183,2026-07-06,California RAINBOW | 8 szt,CALIFORNIA,1,65.0,15.34,8.0,65.0,4.814814814814815,60.18518518518518,44.84518518518519,0.74512,0.25488,60.18518518518518,65.0,15.34,44.84518518518519
184,2026-07-07,Sushi burger KREWETKA PANKO,SUSHI BURGER,1,65.0,13.4,23.0,65.0,12.154471544715447,52.84552845528455,39.44552845528455,0.7464307692307692,0.25356923076923077,52.84552845528455,65.0,13.4,39.44552845528455
185,2026-07-07,California SHIITAKE | 8 szt,WEGE MENU,1,38.0,9.77,8.0,38.0,2.814814814814815,35.18518518518518,25.415185185185184,0.7223263157894737,0.2776736842105263,35.18518518518518,38.0,9.77,25.415185185185184
186,2026-07-07,Nigiri węgorz | 2 szt,NIGIRI,1,28.0,6.74,8.0,28.0,2.074074074074074,25.925925925925927,19.18592592592593,0.7400285714285715,0.2599714285714286,25.925925925925927,28.0,6.74,19.18592592592593
187,2026-07-07,Rolka w tempurze KREWETKA EBI | 8 szt,ROLKI W TEMPURZE,1,90.0,13.79,23.0,90.0,16.829268292682926,73.17073170731707,59.380731707317075,0.8115366666666667,0.18846333333333332,73.17073170731707,90.0,13.79,59.380731707317075
188,2026-07-07,Hosomaki ŁOSOŚ SUROWY | 8 szt,HOSOMAKI,1,25.0,6.01,8.0,25.0,1.8518518518518519,23.14814814814815,17.138148148148147,0.7403679999999999,0.259632,23.14814814814815,25.0,6.01,17.138148148148147
189,2026-07-07,Sałatka wakame,PRZEKĄSKI,1,18.0,2.5,8.0,18.0,1.3333333333333333,16.666666666666668,14.166666666666668,0.85,0.15,16.666666666666668,18.0,2.5,14.166666666666668
190,2026-07-07,Philadelphia grill | 8 szt,PHILADELPHIA,1,65.0,15.33,8.0,65.0,4.814814814814815,60.18518518518518,44.855185185185185,0.7452861538461538,0.2547138461538462,60.18518518518518,65.0,15.33,44.855185185185185
191,2026-07-07,Hosomaki KREWETKA PANKO | 8 szt,HOSOMAKI,1,28.0,7.4,23.0,28.0,5.235772357723577,22.764227642276424,15.364227642276424,0.6749285714285714,0.32507142857142857,22.764227642276424,28.0,7.4,15.364227642276424
192,2026-07-07,Philadelphia krewetka ebi | 8 szt,PHILADELPHIA,1,60.0,11.59,23.0,60.0,11.21951219512195,48.78048780487805,37.190487804878046,0.7624049999999999,0.237595,48.78048780487805,60.0,11.59,37.190487804878046
193,2026-07-07,Fuji roll | 8 szt,ROLKI AUTORSKIE,1,65.0,14.86,8.0,65.0,4.814814814814815,60.18518518518518,45.325185185185184,0.7530953846153846,0.2469046153846154,60.18518518518518,65.0,14.86,45.325185185185184
194,2026-07-07,Nigiri łosoś | 2 szt,NIGIRI,1,20.0,5.65,8.0,20.0,1.4814814814814814,18.51851851851852,12.868518518518519,0.6949,0.30510000000000004,18.51851851851852,20.0,5.65,12.868518518518519
195,2026-07-07,Futomaki FIRE HARMONY | 6 szt / 12 szt,FUTOMAKI,1,47.0,10.7,23.0,47.0,8.788617886178862,38.21138211382114,27.51138211382114,0.7199787234042553,0.28002127659574466,38.21138211382114,47.0,10.7,27.51138211382114
196,2026-07-07,Futomaki ŁOSOŚ W TEMPURZE | 6 szt / 12 szt,FUTOMAKI,1,40.0,8.84,8.0,40.0,2.962962962962963,37.03703703703704,28.19703703703704,0.76132,0.23867999999999998,37.03703703703704,40.0,8.84,28.19703703703704
197,2026-07-07,Frytki z batatów (bez sosu),DODATKI,1,10.0,3.8,8.0,10.0,0.7407407407407407,9.25925925925926,5.45925925925926,0.5896,0.4104,9.25925925925926,10.0,3.8,5.45925925925926
198,2026-07-07,Sałatka wakame,PRZEKĄSKI,1,15.0,2.5,8.0,15.0,1.1111111111111112,13.88888888888889,11.38888888888889,0.82,0.18,13.88888888888889,15.0,2.5,11.38888888888889
199,2026-07-07,Duo Set | 28 szt,ZESTAWY,1,180.0,34.6,8.0,180.0,13.333333333333334,166.66666666666666,132.06666666666666,0.7924,0.2076,166.66666666666666,180.0,34.6,132.06666666666666
200,2026-07-07,Futomaki KALMAR PANKO | 6 szt / 12 szt,FUTOMAKI,1,32.0,5.7,23.0,32.0,5.983739837398374,26.016260162601625,20.316260162601626,0.78090625,0.21909375,26.016260162601625,32.0,5.7,20.316260162601626
201,2026-07-07,Black dragon roll | 8 szt,ROLKI AUTORSKIE,1,70.0,18.29,8.0,70.0,5.185185185185185,64.81481481481481,46.52481481481481,0.7178114285714285,0.28218857142857146,64.81481481481481,70.0,18.29,46.52481481481481
202,2026-07-07,Sos teriyaki 30ml,DODATKI,1,4.0,1.0,8.0,4.0,0.2962962962962963,3.7037037037037037,2.7037037037037037,0.73,0.27,3.7037037037037037,4.0,1.0,2.7037037037037037
203,2026-07-07,Futomaki ŁOSOŚ GRILLOWANY | 6 szt,FUTOMAKI,6,228.0,7.51,8.0,38.0,2.814814814814815,35.18518518518518,27.675185185185185,0.7865578947368421,0.2134421052631579,211.1111111111111,228.0,45.06,166.05111111111108
204,2026-07-07,Futomaki FRESH ROLL | 6 szt,FUTOMAKI,4,140.0,6.39,8.0,35.0,2.5925925925925926,32.407407407407405,26.017407407407404,0.8028228571428571,0.19717714285714286,129.62962962962962,140.0,25.56,104.06962962962962
205,2026-07-07,Spicy majo,DODATKI,3,9.0,1.0,8.0,3.0,0.2222222222222222,2.7777777777777777,1.7777777777777777,0.64,0.36,8.333333333333332,9.0,3.0,5.333333333333332
206,2026-07-07,PROMO 1+1=3 Sushi burgery,SUSHI BURGER,3,360.0,35.36,8.0,120.0,8.88888888888889,111.11111111111111,75.75111111111111,0.68176,0.31823999999999997,333.33333333333337,360.0,106.08,227.2533333333334
207,2026-07-07,Imbir,DODATKI,3,9.0,0.19,8.0,3.0,0.2222222222222222,2.7777777777777777,2.5877777777777777,0.9316,0.0684,8.333333333333332,9.0,0.5700000000000001,7.763333333333332
208,2026-07-07,California TUŃCZYK SUROWY | 8 szt,CALIFORNIA,2,110.0,13.22,8.0,55.0,4.074074074074074,50.925925925925924,37.705925925925925,0.7404072727272727,0.2595927272727273,101.85185185185185,110.0,26.44,75.41185185185185
209,2026-07-07,Hosomaki SEREK PHILADELPHIA | 8 szt,HOSOMAKI,2,36.0,3.91,8.0,18.0,1.3333333333333333,16.666666666666668,12.756666666666668,0.7654,0.2346,33.333333333333336,36.0,7.82,25.513333333333335
210,2026-07-07,Futomaki KALMAR PANKO | 6 szt,FUTOMAKI,4,128.0,5.7,23.0,32.0,5.983739837398374,26.016260162601625,20.316260162601626,0.78090625,0.21909375,104.0650406504065,128.0,22.8,81.2650406504065
211,2026-07-07,Philadelphia łosoś | 8 szt,PHILADELPHIA,1,55.0,14.42,8.0,55.0,4.074074074074074,50.925925925925924,36.50592592592592,0.7168436363636363,0.28315636363636365,50.925925925925924,55.0,14.42,36.50592592592592
212,2026-07-07,Warzywa w tempurze | 8 szt,WEGE MENU,1,35.0,5.31,8.0,35.0,2.5925925925925926,32.407407407407405,27.097407407407406,0.8361485714285715,0.16385142857142856,32.407407407407405,35.0,5.31,27.097407407407406
213,2026-07-07,Sushi burger WEGE,SUSHI BURGER,1,50.0,8.54,8.0,50.0,3.7037037037037037,46.2962962962963,37.7562962962963,0.815536,0.184464,46.2962962962963,50.0,8.54,37.7562962962963
214,2026-07-07,Zestaw Amour | 36 szt,ZESTAWY,1,195.0,42.75,8.0,195.0,14.444444444444445,180.55555555555554,137.80555555555554,0.7632307692307693,0.2367692307692308,180.55555555555554,195.0,42.75,137.80555555555554
215,2026-07-07,Awokado fresh roll | 8 szt,WEGE MENU,1,38.0,9.53,8.0,38.0,2.814814814814815,35.18518518518518,25.655185185185182,0.7291473684210525,0.27085263157894734,35.18518518518518,38.0,9.53,25.655185185185182
216,2026-07-07,Futomaki TATAR Z ŁOSOSIA | 6 szt / 12 szt,FUTOMAKI,1,42.0,10.75,8.0,42.0,3.111111111111111,38.888888888888886,28.138888888888886,0.7235714285714285,0.27642857142857147,38.888888888888886,42.0,10.75,28.138888888888886
217,2026-07-07,California z czarnym ryżem ŁOSOŚ SUROWY | 8 szt,CALIFORNIA,1,60.0,12.98,8.0,60.0,4.444444444444445,55.55555555555556,42.57555555555555,0.7663599999999999,0.23364000000000001,55.55555555555556,60.0,12.98,42.57555555555555
218,2026-07-07,Nigiri awokado | 2 szt,NIGIRI,2,40.0,4.34,8.0,20.0,1.4814814814814814,18.51851851851852,14.17851851851852,0.76564,0.23435999999999998,37.03703703703704,40.0,8.68,28.35703703703704
219,2026-07-08,Futomaki ŁOSOŚ SUROWY | 6 szt,FUTOMAKI,1,38.0,7.81,8.0,38.0,2.814814814814815,35.18518518518518,27.375185185185185,0.7780315789473684,0.2219684210526316,35.18518518518518,38.0,7.81,27.375185185185185
220,2026-07-08,Philadelphia węgorz unagi | 8 szt,PHILADELPHIA,1,60.0,14.02,8.0,60.0,4.444444444444445,55.55555555555556,41.53555555555556,0.7476400000000001,0.25236,55.55555555555556,60.0,14.02,41.53555555555556
221,2026-07-08,Futomaki TUŃCZYK SUROWY | 6 szt / 12 szt,FUTOMAKI,1,38.0,8.83,8.0,38.0,2.814814814814815,35.18518518518518,26.355185185185185,0.749042105263158,0.2509578947368421,35.18518518518518,38.0,8.83,26.355185185185185
222,2026-07-08,Philadelphia węgorz unagi | 8 szt,PHILADELPHIA,1,80.0,14.02,8.0,80.0,5.925925925925926,74.07407407407408,60.05407407407408,0.8107300000000001,0.18927,74.07407407407408,80.0,14.02,60.05407407407408
223,2026-07-08,Pałeczki,DODATKI,1,0.1,0.1,23.0,0.1,0.018699186991869923,0.08130081300813008,-0.018699186991869926,-0.2300000000000001,1.2300000000000002,0.08130081300813008,0.1,0.1,-0.018699186991869926
224,2026-07-08,Vibe Set | 32 szt,ZESTAWY,1,240.0,50.77,8.0,240.0,17.77777777777778,222.22222222222223,171.45222222222222,0.771535,0.228465,222.22222222222223,240.0,50.77,171.45222222222222
225,2026-07-08,Zapieczona rolka KRAB-MIX | 8 szt,ROLKI ZAPIECZONE,1,50.0,7.53,8.0,50.0,3.7037037037037037,46.2962962962963,38.7662962962963,0.837352,0.162648,46.2962962962963,50.0,7.53,38.7662962962963
226,2026-07-08,Futomaki ŁOSOŚ GRILLOWANY | 6 szt / 12 szt,FUTOMAKI,1,35.0,7.51,8.0,35.0,2.5925925925925926,32.407407407407405,24.897407407407407,0.7682628571428571,0.23173714285714286,32.407407407407405,35.0,7.51,24.897407407407407
227,2026-07-08,Wasabi,DODATKI,1,2.0,0.3,8.0,2.0,0.14814814814814814,1.8518518518518519,1.5518518518518518,0.838,0.162,1.8518518518518519,2.0,0.3,1.5518518518518518
228,2026-07-08,Imbir,DODATKI,1,3.0,0.19,8.0,3.0,0.2222222222222222,2.7777777777777777,2.5877777777777777,0.9316,0.0684,2.7777777777777777,3.0,0.19,2.5877777777777777
229,2026-07-08,Futomaki KREWETKA EBI | 6 szt,FUTOMAKI,1,38.0,8.33,23.0,38.0,7.105691056910569,30.89430894308943,22.56430894308943,0.7303710526315789,0.2696289473684211,30.89430894308943,38.0,8.33,22.56430894308943
230,2026-07-08,Krabs - Burger,SUSHI BURGER,1,55.0,12.27,8.0,55.0,4.074074074074074,50.925925925925924,38.65592592592593,0.7590618181818183,0.24093818181818183,50.925925925925924,55.0,12.27,38.65592592592593
231,2026-07-08,Zestaw Philadelphia | 24 szt,ZESTAWY,1,170.0,38.04,8.0,170.0,12.592592592592593,157.40740740740742,119.36740740740743,0.7583341176470589,0.24166588235294115,157.40740740740742,170.0,38.04,119.36740740740743
232,2026-07-08,Gunkan Ebi | 2 szt,GUNKANY,1,30.0,6.4,23.0,30.0,5.609756097560975,24.390243902439025,17.990243902439026,0.7376,0.2624,24.390243902439025,30.0,6.4,17.990243902439026
233,2026-07-08,Miso z łososiem | 350 ml,ZUPY,1,35.0,3.59,8.0,35.0,2.5925925925925926,32.407407407407405,28.817407407407405,0.8892228571428571,0.11077714285714287,32.407407407407405,35.0,3.59,28.817407407407405
234,2026-07-08,Futomaki ŁOSOŚ GRILLOWANY | 6 szt,FUTOMAKI,6,228.0,7.51,8.0,38.0,2.814814814814815,35.18518518518518,27.675185185185185,0.7865578947368421,0.2134421052631579,211.1111111111111,228.0,45.06,166.05111111111108
235,2026-07-08,Futomaki FRESH ROLL | 6 szt,FUTOMAKI,4,140.0,6.39,8.0,35.0,2.5925925925925926,32.407407407407405,26.017407407407404,0.8028228571428571,0.19717714285714286,129.62962962962962,140.0,25.56,104.06962962962962
236,2026-07-08,PROMO 1+1=3 Sushi burgery,SUSHI BURGER,3,360.0,35.36,8.0,120.0,8.88888888888889,111.11111111111111,75.75111111111111,0.68176,0.31823999999999997,333.33333333333337,360.0,106.08,227.2533333333334
237,2026-07-08,Philadelphia łosoś | 8 szt,PHILADELPHIA,1,55.0,14.42,8.0,55.0,4.074074074074074,50.925925925925924,36.50592592592592,0.7168436363636363,0.28315636363636365,50.925925925925924,55.0,14.42,36.50592592592592
238,2026-07-08,Futomaki KREWETKA PANKO | 6 szt,FUTOMAKI,2,80.0,8.72,23.0,40.0,7.479674796747967,32.520325203252035,23.800325203252036,0.7318600000000001,0.26814,65.04065040650407,80.0,17.44,47.60065040650407
239,2026-07-08,Futomaki KALMAR PANKO | 6 szt,FUTOMAKI,2,64.0,5.7,23.0,32.0,5.983739837398374,26.016260162601625,20.316260162601626,0.78090625,0.21909375,52.03252032520325,64.0,11.4,40.63252032520325
240,2026-07-08,Zestaw Startowy | 16 szt,ZESTAWY,3,245.7,20.13,8.0,81.89999999999999,6.066666666666666,75.83333333333333,55.70333333333333,0.7345494505494506,0.26545054945054947,227.5,245.7,60.39,167.11
241,2026-07-08,Vibe Set | 32 szt,ZESTAWY,1,200.0,50.77,8.0,200.0,14.814814814814815,185.1851851851852,134.41518518518518,0.725842,0.274158,185.1851851851852,200.0,50.77,134.41518518518518
242,2026-07-08,Philadelphia cheddar | 8 szt,PHILADELPHIA,1,60.0,14.47,8.0,60.0,4.444444444444445,55.55555555555556,41.08555555555556,0.73954,0.26046,55.55555555555556,60.0,14.47,41.08555555555556
243,2026-07-08,California RAINBOW | 8 szt,CALIFORNIA,1,65.0,15.34,8.0,65.0,4.814814814814815,60.18518518518518,44.84518518518519,0.74512,0.25488,60.18518518518518,65.0,15.34,44.84518518518519
244,2026-07-08,Futomaki FIRE HARMONY | 6 szt,FUTOMAKI,1,58.0,10.7,23.0,58.0,10.845528455284553,47.15447154471545,36.454471544715446,0.7730862068965517,0.22691379310344825,47.15447154471545,58.0,10.7,36.454471544715446
245,2026-07-08,Sos spicy majo 30ml,DODATKI,1,4.0,1.0,8.0,4.0,0.2962962962962963,3.7037037037037037,2.7037037037037037,0.73,0.27,3.7037037037037037,4.0,1.0,2.7037037037037037
246,2026-07-08,Fuji roll | 8 szt,ROLKI AUTORSKIE,2,130.0,14.86,8.0,65.0,4.814814814814815,60.18518518518518,45.325185185185184,0.7530953846153846,0.2469046153846154,120.37037037037037,130.0,29.72,90.65037037037037
247,2026-07-09,Sałatka wakame,PRZEKĄSKI,1,15.0,2.5,8.0,15.0,1.1111111111111112,13.88888888888889,11.38888888888889,0.82,0.18,13.88888888888889,15.0,2.5,11.38888888888889
248,2026-07-09,Wasabi,DODATKI,1,2.0,0.3,8.0,2.0,0.14814814814814814,1.8518518518518519,1.5518518518518518,0.838,0.162,1.8518518518518519,2.0,0.3,1.5518518518518518
249,2026-07-09,Yakuza roll | 8 szt,ROLKI AUTORSKIE,1,65.0,17.24,23.0,65.0,12.154471544715447,52.84552845528455,35.605528455284556,0.6737661538461539,0.32623384615384615,52.84552845528455,65.0,17.24,35.605528455284556
250,2026-07-09,Miyagi Set | 30 szt,ZESTAWY,1,130.0,27.61,8.0,130.0,9.62962962962963,120.37037037037037,92.76037037037037,0.7706246153846154,0.22937538461538462,120.37037037037037,130.0,27.61,92.76037037037037
251,2026-07-09,Duo Set | 28 szt,ZESTAWY,1,160.0,34.6,8.0,160.0,11.851851851851851,148.14814814814815,113.54814814814816,0.7664500000000001,0.23355,148.14814814814815,160.0,34.6,113.54814814814816
252,2026-07-09,Futomaki ŁOSOŚ SUROWY | 6 szt / 12 szt,FUTOMAKI,1,36.0,7.81,8.0,36.0,2.6666666666666665,33.333333333333336,25.523333333333337,0.7657,0.23429999999999998,33.333333333333336,36.0,7.81,25.523333333333337
253,2026-07-09,Zestaw Hikari | 48 szt,ZESTAWY,1,245.0,55.05,8.0,245.0,18.14814814814815,226.85185185185185,171.80185185185184,0.757330612244898,0.24266938775510202,226.85185185185185,245.0,55.05,171.80185185185184
254,2026-07-09,Red dragon roll | 8 szt,ROLKI AUTORSKIE,1,65.0,14.85,23.0,65.0,12.154471544715447,52.84552845528455,37.99552845528455,0.7189923076923077,0.2810076923076923,52.84552845528455,65.0,14.85,37.99552845528455
255,2026-07-09,Krabs - Burger,SUSHI BURGER,1,55.0,12.27,8.0,55.0,4.074074074074074,50.925925925925924,38.65592592592593,0.7590618181818183,0.24093818181818183,50.925925925925924,55.0,12.27,38.65592592592593
256,2026-07-09,Sos sojowy,DODATKI,1,3.0,0.5,8.0,3.0,0.2222222222222222,2.7777777777777777,2.2777777777777777,0.82,0.18,2.7777777777777777,3.0,0.5,2.2777777777777777
257,2026-07-09,Spicy majo,DODATKI,1,3.0,1.0,8.0,3.0,0.2222222222222222,2.7777777777777777,1.7777777777777777,0.64,0.36,2.7777777777777777,3.0,1.0,1.7777777777777777
258,2026-07-09,Feliks roll | 8 szt,ROLKI AUTORSKIE,1,45.0,9.74,8.0,45.0,3.3333333333333335,41.666666666666664,31.926666666666662,0.7662399999999999,0.23376000000000002,41.666666666666664,45.0,9.74,31.926666666666662
259,2026-07-09,Futomaki KALMAR PANKO | 6 szt,FUTOMAKI,4,128.0,5.7,23.0,32.0,5.983739837398374,26.016260162601625,20.316260162601626,0.78090625,0.21909375,104.0650406504065,128.0,22.8,81.2650406504065
260,2026-07-09,Futomaki FRESH ROLL | 6 szt,FUTOMAKI,4,140.0,6.39,8.0,35.0,2.5925925925925926,32.407407407407405,26.017407407407404,0.8028228571428571,0.19717714285714286,129.62962962962962,140.0,25.56,104.06962962962962
261,2026-07-09,Futomaki ŁOSOŚ GRILLOWANY | 6 szt,FUTOMAKI,8,304.0,7.51,8.0,38.0,2.814814814814815,35.18518518518518,27.675185185185185,0.7865578947368421,0.2134421052631579,281.48148148148147,304.0,60.08,221.40148148148148
262,2026-07-09,Rolka w tempurze KREWETKA EBI | 8 szt,ROLKI W TEMPURZE,1,60.0,13.79,23.0,60.0,11.21951219512195,48.78048780487805,34.99048780487805,0.717305,0.282695,48.78048780487805,60.0,13.79,34.99048780487805
263,2026-07-10,Sushi burger ŁOSOŚ GRILLOWANY,SUSHI BURGER,1,65.0,11.18,8.0,65.0,4.814814814814815,60.18518518518518,49.005185185185184,0.81424,0.18576,60.18518518518518,65.0,11.18,49.005185185185184
264,2026-07-10,Sushi burger KREWETKA PANKO,SUSHI BURGER,1,65.0,13.4,23.0,65.0,12.154471544715447,52.84552845528455,39.44552845528455,0.7464307692307692,0.25356923076923077,52.84552845528455,65.0,13.4,39.44552845528455
265,2026-07-10,Zestaw Philadelphia | 24 szt,ZESTAWY,1,170.0,38.04,8.0,170.0,12.592592592592593,157.40740740740742,119.36740740740743,0.7583341176470589,0.24166588235294115,157.40740740740742,170.0,38.04,119.36740740740743
266,2026-07-10,Krewetki w tempurze | 6 szt,PRZEKĄSKI,1,40.0,11.29,23.0,40.0,7.479674796747967,32.520325203252035,21.230325203252036,0.6528325,0.34716749999999996,32.520325203252035,40.0,11.29,21.230325203252036
267,2026-07-10,Philadelphia tuńczyk | 8 szt,PHILADELPHIA,1,62.0,15.3,8.0,62.0,4.592592592592593,57.407407407407405,42.10740740740741,0.7334838709677419,0.2665161290322581,57.407407407407405,62.0,15.3,42.10740740740741
268,2026-07-10,Futomaki KREWETKA EBI | 6 szt,FUTOMAKI,1,38.0,8.33,23.0,38.0,7.105691056910569,30.89430894308943,22.56430894308943,0.7303710526315789,0.2696289473684211,30.89430894308943,38.0,8.33,22.56430894308943
269,2026-07-10,Imbir,DODATKI,2,6.0,0.19,8.0,3.0,0.2222222222222222,2.7777777777777777,2.5877777777777777,0.9316,0.0684,5.555555555555555,6.0,0.38,5.1755555555555555
270,2026-07-10,Vibe Set | 32 szt,ZESTAWY,1,200.0,50.77,8.0,200.0,14.814814814814815,185.1851851851852,134.41518518518518,0.725842,0.274158,185.1851851851852,200.0,50.77,134.41518518518518
271,2026-07-10,Sos sojowy 30ml,DODATKI,1,4.0,0.5,8.0,4.0,0.2962962962962963,3.7037037037037037,3.2037037037037037,0.865,0.135,3.7037037037037037,4.0,0.5,3.2037037037037037
272,2026-07-10,Sushi burger ŁOSOŚ GRILLOWANY,SUSHI BURGER,1,60.0,11.18,8.0,60.0,4.444444444444445,55.55555555555556,44.37555555555556,0.79876,0.20124,55.55555555555556,60.0,11.18,44.37555555555556
273,2026-07-10,Sos unagi 30ml,DODATKI,2,6.0,1.0,8.0,3.0,0.2222222222222222,2.7777777777777777,1.7777777777777777,0.64,0.36,5.555555555555555,6.0,2.0,3.5555555555555554
274,2026-07-10,Sos spicy majo 30ml,DODATKI,1,3.0,1.0,8.0,3.0,0.2222222222222222,2.7777777777777777,1.7777777777777777,0.64,0.36,2.7777777777777777,3.0,1.0,1.7777777777777777
275,2026-07-10,Wasabi,DODATKI,1,2.0,0.3,8.0,2.0,0.14814814814814814,1.8518518518518519,1.5518518518518518,0.838,0.162,1.8518518518518519,2.0,0.3,1.5518518518518518
276,2026-07-10,Sushi burger KREWETKA GOTOWANA,SUSHI BURGER,1,60.0,12.37,23.0,60.0,11.21951219512195,48.78048780487805,36.41048780487805,0.746415,0.253585,48.78048780487805,60.0,12.37,36.41048780487805
277,2026-07-10,Futomaki ŁOSOŚ SUROWY | 6 szt / 12 szt,FUTOMAKI,1,36.0,7.81,8.0,36.0,2.6666666666666665,33.333333333333336,25.523333333333337,0.7657,0.23429999999999998,33.333333333333336,36.0,7.81,25.523333333333337
278,2026-07-10,Philadelphia łosoś | 8 szt,PHILADELPHIA,1,55.0,14.42,8.0,55.0,4.074074074074074,50.925925925925924,36.50592592592592,0.7168436363636363,0.28315636363636365,50.925925925925924,55.0,14.42,36.50592592592592
279,2026-07-10,Futomaki KREWETKA PANKO | 6 szt / 12 szt,FUTOMAKI,1,37.0,8.72,23.0,37.0,6.91869918699187,30.08130081300813,21.36130081300813,0.7101189189189189,0.28988108108108107,30.08130081300813,37.0,8.72,21.36130081300813
280,2026-07-10,Duo Set | 28 szt,ZESTAWY,1,180.0,34.6,8.0,180.0,13.333333333333334,166.66666666666666,132.06666666666666,0.7924,0.2076,166.66666666666666,180.0,34.6,132.06666666666666
281,2026-07-10,Futomaki ŁOSOŚ GRILLOWANY | 6 szt,FUTOMAKI,12,456.0,7.51,8.0,38.0,2.814814814814815,35.18518518518518,27.675185185185185,0.7865578947368421,0.2134421052631579,422.2222222222222,456.0,90.12,332.10222222222217
282,2026-07-10,Pałeczki,DODATKI,6,0.6,0.1,23.0,0.09999999999999999,0.018699186991869916,0.08130081300813008,-0.018699186991869926,-0.2300000000000001,1.2300000000000002,0.4878048780487805,0.6,0.6000000000000001,-0.11219512195121961
283,2026-07-10,Futomaki FRESH ROLL | 6 szt,FUTOMAKI,4,140.0,6.39,8.0,35.0,2.5925925925925926,32.407407407407405,26.017407407407404,0.8028228571428571,0.19717714285714286,129.62962962962962,140.0,25.56,104.06962962962962
284,2026-07-10,Zapieczona rolka KREWETKA TEMPURA | 8 szt,ROLKI ZAPIECZONE,2,120.0,12.26,23.0,60.0,11.21951219512195,48.78048780487805,36.52048780487805,0.7486700000000001,0.25133,97.5609756097561,120.0,24.52,73.0409756097561
285,2026-07-10,Miso inari tofu | 350 ml,ZUPY,2,66.0,1.51,8.0,33.0,2.4444444444444446,30.555555555555557,29.045555555555556,0.9505818181818181,0.04941818181818181,61.111111111111114,66.0,3.02,58.09111111111111
286,2026-07-10,Miyagi Set | 30 szt,ZESTAWY,2,260.0,27.61,8.0,130.0,9.62962962962963,120.37037037037037,92.76037037037037,0.7706246153846154,0.22937538461538462,240.74074074074073,260.0,55.22,185.52074074074073
287,2026-07-10,Futomaki KALMAR PANKO | 6 szt,FUTOMAKI,6,192.0,5.7,23.0,32.0,5.983739837398374,26.016260162601625,20.316260162601626,0.78090625,0.21909375,156.09756097560975,192.0,34.2,121.89756097560975
288,2026-07-10,Yakuza roll | 8 szt,ROLKI AUTORSKIE,2,130.0,17.24,23.0,65.0,12.154471544715447,52.84552845528455,35.605528455284556,0.6737661538461539,0.32623384615384615,105.6910569105691,130.0,34.48,71.21105691056911
289,2026-07-10,Sos teriyaki 30ml,DODATKI,1,4.0,1.0,8.0,4.0,0.2962962962962963,3.7037037037037037,2.7037037037037037,0.73,0.27,3.7037037037037037,4.0,1.0,2.7037037037037037
290,2026-07-10,Miyagi Set | 30 szt,ZESTAWY,1,140.0,27.61,8.0,140.0,10.37037037037037,129.62962962962962,102.01962962962962,0.7870085714285714,0.21299142857142858,129.62962962962962,140.0,27.61,102.01962962962962
291,2026-07-10,California RAINBOW | 8 szt,CALIFORNIA,1,65.0,15.34,8.0,65.0,4.814814814814815,60.18518518518518,44.84518518518519,0.74512,0.25488,60.18518518518518,65.0,15.34,44.84518518518519
292,2026-07-10,Rolka w tempurze KREWETKA EBI | 8 szt,ROLKI W TEMPURZE,1,60.0,13.79,23.0,60.0,11.21951219512195,48.78048780487805,34.99048780487805,0.717305,0.282695,48.78048780487805,60.0,13.79,34.99048780487805
293,2026-07-10,California KREWETKA GOTOWANA | 8 szt,CALIFORNIA,1,60.0,15.05,23.0,60.0,11.21951219512195,48.78048780487805,33.73048780487805,0.6914750000000001,0.308525,48.78048780487805,60.0,15.05,33.73048780487805
294,2026-07-10,PROMO 1+1=3 Sushi burgery,SUSHI BURGER,2,240.0,35.36,8.0,120.0,8.88888888888889,111.11111111111111,75.75111111111111,0.68176,0.31823999999999997,222.22222222222223,240.0,70.72,151.50222222222223
295,2026-07-10,Zestaw Startowy | 16 szt,ZESTAWY,1,81.9,20.13,8.0,81.9,6.066666666666667,75.83333333333334,55.70333333333335,0.7345494505494506,0.2654505494505494,75.83333333333334,81.9,20.13,55.70333333333335
296,2026-07-11,Miyagi Set | 30 szt,ZESTAWY,1,140.0,27.61,8.0,140.0,10.37037037037037,129.62962962962962,102.01962962962962,0.7870085714285714,0.21299142857142858,129.62962962962962,140.0,27.61,102.01962962962962
297,2026-07-11,Futomaki KREWETKA PANKO | 6 szt / 12 szt,FUTOMAKI,1,37.0,8.72,23.0,37.0,6.91869918699187,30.08130081300813,21.36130081300813,0.7101189189189189,0.28988108108108107,30.08130081300813,37.0,8.72,21.36130081300813
298,2026-07-11,Futomaki WARZYWA W TEMPURZE | 6 szt,WEGE MENU,1,25.0,4.56,8.0,25.0,1.8518518518518519,23.14814814814815,18.58814814814815,0.803008,0.19699199999999997,23.14814814814815,25.0,4.56,18.58814814814815
299,2026-07-11,Red dragon roll | 8 szt,ROLKI AUTORSKIE,1,65.0,14.85,23.0,65.0,12.154471544715447,52.84552845528455,37.99552845528455,0.7189923076923077,0.2810076923076923,52.84552845528455,65.0,14.85,37.99552845528455
300,2026-07-11,California KREWETKA PANKO | 8 szt,CALIFORNIA,1,58.0,10.5,23.0,58.0,10.845528455284553,47.15447154471545,36.65447154471545,0.7773275862068966,0.22267241379310343,47.15447154471545,58.0,10.5,36.65447154471545
301,2026-07-11,Hosomaki OGÓREK | 8 szt,HOSOMAKI,1,18.0,3.93,8.0,18.0,1.3333333333333333,16.666666666666668,12.736666666666668,0.7642,0.23579999999999998,16.666666666666668,18.0,3.93,12.736666666666668
302,2026-07-11,Hosomaki ŁOSOŚ GRILLOWANY | 8 szt,HOSOMAKI,1,25.0,6.12,8.0,25.0,1.8518518518518519,23.14814814814815,17.028148148148148,0.7356159999999999,0.264384,23.14814814814815,25.0,6.12,17.028148148148148
303,2026-07-11,Philadelphia krewetka ebi | 8 szt,PHILADELPHIA,1,60.0,11.59,23.0,60.0,11.21951219512195,48.78048780487805,37.190487804878046,0.7624049999999999,0.237595,48.78048780487805,60.0,11.59,37.190487804878046
304,2026-07-11,Zestaw Philadelphia | 24 szt,ZESTAWY,1,170.0,38.04,8.0,170.0,12.592592592592593,157.40740740740742,119.36740740740743,0.7583341176470589,0.24166588235294115,157.40740740740742,170.0,38.04,119.36740740740743
305,2026-07-11,Miso z krewetkami | 350 ml,ZUPY,1,27.0,5.45,23.0,27.0,5.048780487804878,21.951219512195124,16.501219512195124,0.7517222222222223,0.24827777777777776,21.951219512195124,27.0,5.45,16.501219512195124
306,2026-07-11,Sos unagi 30ml,DODATKI,1,3.0,1.0,8.0,3.0,0.2222222222222222,2.7777777777777777,1.7777777777777777,0.64,0.36,2.7777777777777777,3.0,1.0,1.7777777777777777
307,2026-07-11,Zapieczona rolka FELIX | 8 szt,ROLKI ZAPIECZONE,1,60.0,10.83,8.0,60.0,4.444444444444445,55.55555555555556,44.72555555555556,0.80506,0.19494,55.55555555555556,60.0,10.83,44.72555555555556
308,2026-07-11,Futomaki AWOKADO | 6 szt,WEGE MENU,1,30.0,5.93,8.0,30.0,2.2222222222222223,27.77777777777778,21.84777777777778,0.78652,0.21347999999999998,27.77777777777778,30.0,5.93,21.84777777777778
309,2026-07-11,Sos sojowy 30ml,DODATKI,2,6.0,0.5,8.0,3.0,0.2222222222222222,2.7777777777777777,2.2777777777777777,0.82,0.18,5.555555555555555,6.0,1.0,4.555555555555555
310,2026-07-11,Sos spicy majo 30ml,DODATKI,2,6.0,1.0,8.0,3.0,0.2222222222222222,2.7777777777777777,1.7777777777777777,0.64,0.36,5.555555555555555,6.0,2.0,3.5555555555555554
311,2026-07-11,Wasabi,DODATKI,2,4.0,0.3,8.0,2.0,0.14814814814814814,1.8518518518518519,1.5518518518518518,0.838,0.162,3.7037037037037037,4.0,0.6,3.1037037037037036
312,2026-07-11,Sos śliwkowy 30ml,DODATKI,1,3.0,1.0,8.0,3.0,0.2222222222222222,2.7777777777777777,1.7777777777777777,0.64,0.36,2.7777777777777777,3.0,1.0,1.7777777777777777
313,2026-07-11,Imbir,DODATKI,1,3.0,0.19,8.0,3.0,0.2222222222222222,2.7777777777777777,2.5877777777777777,0.9316,0.0684,2.7777777777777777,3.0,0.19,2.5877777777777777
314,2026-07-11,Futomaki KREWETKA EBI | 6 szt / 12 szt,FUTOMAKI,1,35.0,8.33,23.0,35.0,6.544715447154472,28.455284552845526,20.125284552845528,0.70726,0.29274,28.455284552845526,35.0,8.33,20.125284552845528
315,2026-07-11,Hosomaki KREWETKA EBI | 8 szt,HOSOMAKI,1,27.0,6.58,23.0,27.0,5.048780487804878,21.951219512195124,15.371219512195124,0.7002444444444444,0.29975555555555555,21.951219512195124,27.0,6.58,15.371219512195124
316,2026-07-11,Sunrise roll | 8 szt,ROLKI AUTORSKIE,1,57.0,14.16,23.0,57.0,10.658536585365853,46.34146341463415,32.18146341463415,0.694442105263158,0.3055578947368421,46.34146341463415,57.0,14.16,32.18146341463415
317,2026-07-11,Futomaki FRESH ROLL | 6 szt / 12 szt,FUTOMAKI,2,64.0,6.39,8.0,32.0,2.3703703703703702,29.62962962962963,23.23962962962963,0.7843375,0.21566249999999998,59.25925925925926,64.0,12.78,46.47925925925926
318,2026-07-11,Futomaki KALMAR PANKO | 6 szt / 12 szt,FUTOMAKI,1,32.0,5.7,23.0,32.0,5.983739837398374,26.016260162601625,20.316260162601626,0.78090625,0.21909375,26.016260162601625,32.0,5.7,20.316260162601626
319,2026-07-11,Futomaki ŁOSOŚ GRILLOWANY | 6 szt,FUTOMAKI,6,228.0,7.51,8.0,38.0,2.814814814814815,35.18518518518518,27.675185185185185,0.7865578947368421,0.2134421052631579,211.1111111111111,228.0,45.06,166.05111111111108
320,2026-07-11,PROMO 1+1=3 Sushi burgery,SUSHI BURGER,4,480.0,35.36,8.0,120.0,8.88888888888889,111.11111111111111,75.75111111111111,0.68176,0.31823999999999997,444.44444444444446,480.0,141.44,303.00444444444446
321,2026-07-11,Futomaki KALMAR PANKO | 6 szt,FUTOMAKI,2,64.0,5.7,23.0,32.0,5.983739837398374,26.016260162601625,20.316260162601626,0.78090625,0.21909375,52.03252032520325,64.0,11.4,40.63252032520325
322,2026-07-11,Pałeczki,DODATKI,2,0.2,0.1,23.0,0.1,0.018699186991869923,0.08130081300813008,-0.018699186991869926,-0.2300000000000001,1.2300000000000002,0.16260162601626016,0.2,0.2,-0.03739837398373985
323,2026-07-11,Futomaki FRESH ROLL | 6 szt,FUTOMAKI,2,70.0,6.39,8.0,35.0,2.5925925925925926,32.407407407407405,26.017407407407404,0.8028228571428571,0.19717714285714286,64.81481481481481,70.0,12.78,52.03481481481481
324,2026-07-11,Rolka w tempurze KREWETKA EBI | 8 szt,ROLKI W TEMPURZE,2,120.0,13.79,23.0,60.0,11.21951219512195,48.78048780487805,34.99048780487805,0.717305,0.282695,97.5609756097561,120.0,27.58,69.9809756097561
325,2026-07-11,Vibe Set | 32 szt,ZESTAWY,1,200.0,50.77,8.0,200.0,14.814814814814815,185.1851851851852,134.41518518518518,0.725842,0.274158,185.1851851851852,200.0,50.77,134.41518518518518
326,2026-07-11,Futomaki MANGO | 6 szt,WEGE MENU,1,25.0,5.3,8.0,25.0,1.8518518518518519,23.14814814814815,17.848148148148148,0.77104,0.22896,23.14814814814815,25.0,5.3,17.848148148148148
327,2026-07-11,Warzywa w tempurze | 8 szt,WEGE MENU,1,35.0,5.31,8.0,35.0,2.5925925925925926,32.407407407407405,27.097407407407406,0.8361485714285715,0.16385142857142856,32.407407407407405,35.0,5.31,27.097407407407406
328,2026-07-11,Futomaki ŁOSOŚ SUROWY | 6 szt,FUTOMAKI,1,38.0,7.81,8.0,38.0,2.814814814814815,35.18518518518518,27.375185185185185,0.7780315789473684,0.2219684210526316,35.18518518518518,38.0,7.81,27.375185185185185
329,2026-07-11,Philadelphia łosoś | 8 szt,PHILADELPHIA,2,110.0,14.42,8.0,55.0,4.074074074074074,50.925925925925924,36.50592592592592,0.7168436363636363,0.28315636363636365,101.85185185185185,110.0,28.84,73.01185185185184
330,2026-07-11,California TUŃCZYK SUROWY | 8 szt,CALIFORNIA,1,55.0,13.22,8.0,55.0,4.074074074074074,50.925925925925924,37.705925925925925,0.7404072727272727,0.2595927272727273,50.925925925925924,55.0,13.22,37.705925925925925
331,2026-07-11,Philadelphia mix | 8 szt,PHILADELPHIA,1,55.0,14.28,8.0,55.0,4.074074074074074,50.925925925925924,36.64592592592592,0.7195927272727273,0.2804072727272727,50.925925925925924,55.0,14.28,36.64592592592592
332,2026-07-11,Black dragon roll | 8 szt,ROLKI AUTORSKIE,1,70.0,18.29,8.0,70.0,5.185185185185185,64.81481481481481,46.52481481481481,0.7178114285714285,0.28218857142857146,64.81481481481481,70.0,18.29,46.52481481481481
333,2026-07-11,Futomaki ŁOSOŚ SUROWY | 6 szt / 12 szt,FUTOMAKI,1,36.0,7.81,8.0,36.0,2.6666666666666665,33.333333333333336,25.523333333333337,0.7657,0.23429999999999998,33.333333333333336,36.0,7.81,25.523333333333337
334,2026-07-11,Krewetki w tempurze | 6 szt,PRZEKĄSKI,1,40.0,11.29,23.0,40.0,7.479674796747967,32.520325203252035,21.230325203252036,0.6528325,0.34716749999999996,32.520325203252035,40.0,11.29,21.230325203252036
335,2026-07-11,Futomaki KREWETKA PANKO | 6 szt,FUTOMAKI,1,40.0,8.72,23.0,40.0,7.479674796747967,32.520325203252035,23.800325203252036,0.7318600000000001,0.26814,32.520325203252035,40.0,8.72,23.800325203252036
336,2026-07-11,Philadelphia węgorz unagi | 8 szt,PHILADELPHIA,1,60.0,14.02,8.0,60.0,4.444444444444445,55.55555555555556,41.53555555555556,0.7476400000000001,0.25236,55.55555555555556,60.0,14.02,41.53555555555556
337,2026-07-11,Sushi burger KREWETKA PANKO,SUSHI BURGER,1,65.0,13.4,23.0,65.0,12.154471544715447,52.84552845528455,39.44552845528455,0.7464307692307692,0.25356923076923077,52.84552845528455,65.0,13.4,39.44552845528455
338,2026-07-11,Hosomaki ŁOSOŚ SUROWY | 8 szt,HOSOMAKI,1,26.0,6.01,8.0,26.0,1.9259259259259258,24.074074074074073,18.06407407407407,0.750353846153846,0.24964615384615385,24.074074074074073,26.0,6.01,18.06407407407407
339,2026-07-11,Red alert roll | 8 szt,ROLKI AUTORSKIE,1,67.0,15.51,23.0,67.0,12.528455284552846,54.47154471544715,38.961544715447154,0.7152641791044776,0.2847358208955224,54.47154471544715,67.0,15.51,38.961544715447154
340,2026-07-11,Futomaki OMLET TAMAGO | 6 szt,WEGE MENU,1,26.0,2.5,8.0,26.0,1.9259259259259258,24.074074074074073,21.574074074074073,0.8961538461538462,0.10384615384615385,24.074074074074073,26.0,2.5,21.574074074074073
341,2026-07-12,Imbir,DODATKI,1,3.0,0.19,8.0,3.0,0.2222222222222222,2.7777777777777777,2.5877777777777777,0.9316,0.0684,2.7777777777777777,3.0,0.19,2.5877777777777777
342,2026-07-12,Sushi burger ŁOSOŚ GRILLOWANY,SUSHI BURGER,1,60.0,11.18,8.0,60.0,4.444444444444445,55.55555555555556,44.37555555555556,0.79876,0.20124,55.55555555555556,60.0,11.18,44.37555555555556
343,2026-07-12,Sałatka wakame,PRZEKĄSKI,1,15.0,2.5,8.0,15.0,1.1111111111111112,13.88888888888889,11.38888888888889,0.82,0.18,13.88888888888889,15.0,2.5,11.38888888888889
344,2026-07-12,Zestaw Philadelphia | 24 szt,ZESTAWY,1,170.0,38.04,8.0,170.0,12.592592592592593,157.40740740740742,119.36740740740743,0.7583341176470589,0.24166588235294115,157.40740740740742,170.0,38.04,119.36740740740743
345,2026-07-12,Krabs - Burger,SUSHI BURGER,1,55.0,12.27,8.0,55.0,4.074074074074074,50.925925925925924,38.65592592592593,0.7590618181818183,0.24093818181818183,50.925925925925924,55.0,12.27,38.65592592592593
346,2026-07-12,Miso z krewetkami | 350 ml,ZUPY,1,35.0,5.45,23.0,35.0,6.544715447154472,28.455284552845526,23.005284552845527,0.8084714285714286,0.19152857142857144,28.455284552845526,35.0,5.45,23.005284552845527
347,2026-07-12,Philadelphia mix | 8 szt,PHILADELPHIA,1,55.0,14.28,8.0,55.0,4.074074074074074,50.925925925925924,36.64592592592592,0.7195927272727273,0.2804072727272727,50.925925925925924,55.0,14.28,36.64592592592592
348,2026-07-12,Nigiri węgorz | 2 szt,NIGIRI,1,27.0,6.74,8.0,27.0,2.0,25.0,18.259999999999998,0.7303999999999999,0.2696,25.0,27.0,6.74,18.259999999999998
349,2026-07-12,Philadelphia łosoś | 8 szt,PHILADELPHIA,1,55.0,14.42,8.0,55.0,4.074074074074074,50.925925925925924,36.50592592592592,0.7168436363636363,0.28315636363636365,50.925925925925924,55.0,14.42,36.50592592592592
350,2026-07-12,Miso inari tofu | 350 ml,ZUPY,1,25.0,1.51,8.0,25.0,1.8518518518518519,23.14814814814815,21.638148148148147,0.9347679999999999,0.065232,23.14814814814815,25.0,1.51,21.638148148148147
351,2026-07-12,Rolka w tempurze ŁOSOŚ SUROWY | 8 szt,ROLKI W TEMPURZE,1,60.0,12.89,8.0,60.0,4.444444444444445,55.55555555555556,42.66555555555556,0.76798,0.23202,55.55555555555556,60.0,12.89,42.66555555555556
352,2026-07-12,Hosomaki ŁOSOŚ SUROWY | 8 szt,HOSOMAKI,1,26.0,6.01,8.0,26.0,1.9259259259259258,24.074074074074073,18.06407407407407,0.750353846153846,0.24964615384615385,24.074074074074073,26.0,6.01,18.06407407407407
353,2026-07-12,Sos sojowy 30ml,DODATKI,1,4.0,0.5,8.0,4.0,0.2962962962962963,3.7037037037037037,3.2037037037037037,0.865,0.135,3.7037037037037037,4.0,0.5,3.2037037037037037
354,2026-07-12,Gunkan ŁOSOŚ SUROWY | 2 szt,GUNKANY,1,25.0,5.81,8.0,25.0,1.8518518518518519,23.14814814814815,17.33814814814815,0.749008,0.250992,23.14814814814815,25.0,5.81,17.33814814814815
355,2026-07-12,Nigiri łosoś grillowany | 2 szt,NIGIRI,1,26.0,5.65,8.0,26.0,1.9259259259259258,24.074074074074073,18.42407407407407,0.7653076923076922,0.23469230769230773,24.074074074074073,26.0,5.65,18.42407407407407
356,2026-07-12,Sos sojowy 30ml,DODATKI,1,3.0,0.5,8.0,3.0,0.2222222222222222,2.7777777777777777,2.2777777777777777,0.82,0.18,2.7777777777777777,3.0,0.5,2.2777777777777777
357,2026-07-12,California KRAB-MIX | 8 szt,CALIFORNIA,1,45.0,7.71,8.0,45.0,3.3333333333333335,41.666666666666664,33.95666666666666,0.81496,0.18504,41.666666666666664,45.0,7.71,33.95666666666666
358,2026-07-12,Futomaki ŁOSOŚ SUROWY | 6 szt,FUTOMAKI,1,38.0,7.81,8.0,38.0,2.814814814814815,35.18518518518518,27.375185185185185,0.7780315789473684,0.2219684210526316,35.18518518518518,38.0,7.81,27.375185185185185
359,2026-07-12,Philadelphia z czarnym ryżem | 8 szt,PHILADELPHIA,1,65.0,14.42,8.0,65.0,4.814814814814815,60.18518518518518,45.76518518518518,0.7604061538461538,0.23959384615384616,60.18518518518518,65.0,14.42,45.76518518518518
360,2026-07-12,Gunkan Ebi | 2 szt,GUNKANY,1,30.0,6.4,23.0,30.0,5.609756097560975,24.390243902439025,17.990243902439026,0.7376,0.2624,24.390243902439025,30.0,6.4,17.990243902439026
361,2026-07-12,Philadelphia mix | 8 szt,PHILADELPHIA,1,55.0,14.28,8.0,55.0,4.074074074074074,50.925925925925924,36.64592592592592,0.7195927272727273,0.2804072727272727,50.925925925925924,55.0,14.28,36.64592592592592
362,2026-07-12,California TUŃCZYK SUROWY | 8 szt,CALIFORNIA,1,68.0,13.22,8.0,68.0,5.037037037037037,62.96296296296296,49.74296296296296,0.7900352941176471,0.20996470588235294,62.96296296296296,68.0,13.22,49.74296296296296
363,2026-07-12,Futomaki FRESH ROLL | 6 szt,FUTOMAKI,8,280.0,6.39,8.0,35.0,2.5925925925925926,32.407407407407405,26.017407407407404,0.8028228571428571,0.19717714285714286,259.25925925925924,280.0,51.12,208.13925925925923
364,2026-07-12,Futomaki ŁOSOŚ GRILLOWANY | 6 szt,FUTOMAKI,6,228.0,7.51,8.0,38.0,2.814814814814815,35.18518518518518,27.675185185185185,0.7865578947368421,0.2134421052631579,211.1111111111111,228.0,45.06,166.05111111111108
365,2026-07-12,Miso z łososiem | 350 ml,ZUPY,4,108.0,3.59,8.0,27.0,2.0,25.0,21.41,0.8564,0.1436,100.0,108.0,14.36,85.64
366,2026-07-12,Zapieczona rolka ŁOSOŚ SUROWY | 8 szt,ROLKI ZAPIECZONE,2,120.0,12.11,8.0,60.0,4.444444444444445,55.55555555555556,43.44555555555556,0.78202,0.21797999999999998,111.11111111111111,120.0,24.22,86.89111111111112
367,2026-07-12,Nigiri łosoś | 2 szt,NIGIRI,2,50.0,5.65,8.0,25.0,1.8518518518518519,23.14814814814815,17.498148148148147,0.7559199999999999,0.24408000000000002,46.2962962962963,50.0,11.3,34.99629629629629
368,2026-07-12,Futomaki KALMAR PANKO | 6 szt,FUTOMAKI,2,64.0,5.7,23.0,32.0,5.983739837398374,26.016260162601625,20.316260162601626,0.78090625,0.21909375,52.03252032520325,64.0,11.4,40.63252032520325
369,2026-07-12,Sos unagi 30ml,DODATKI,1,4.0,1.0,8.0,4.0,0.2962962962962963,3.7037037037037037,2.7037037037037037,0.73,0.27,3.7037037037037037,4.0,1.0,2.7037037037037037
370,2026-07-12,Canada roll | 8 szt,ROLKI AUTORSKIE,1,67.0,17.63,8.0,67.0,4.962962962962963,62.03703703703704,44.40703703703704,0.7158149253731344,0.28418507462686565,62.03703703703704,67.0,17.63,44.40703703703704
371,2026-07-12,PROMO 1+1=3 Sushi burgery,SUSHI BURGER,2,240.0,35.36,8.0,120.0,8.88888888888889,111.11111111111111,75.75111111111111,0.68176,0.31823999999999997,222.22222222222223,240.0,70.72,151.50222222222223
372,2026-07-12,Sushi burger WEGE,SUSHI BURGER,1,50.0,8.54,8.0,50.0,3.7037037037037037,46.2962962962963,37.7562962962963,0.815536,0.184464,46.2962962962963,50.0,8.54,37.7562962962963
373,2026-07-12,Hosomaki TUŃCZYK SUROWY | 8 szt,HOSOMAKI,1,28.0,7.13,8.0,28.0,2.074074074074074,25.925925925925927,18.79592592592593,0.7249857142857143,0.2750142857142857,25.925925925925927,28.0,7.13,18.79592592592593
374,2026-07-12,Zestaw Hosomaki | 56 szt,ZESTAWY,1,100.0,23.48,8.0,100.0,7.407407407407407,92.5925925925926,69.11259259259259,0.746416,0.253584,92.5925925925926,100.0,23.48,69.11259259259259
375,2026-07-12,Hosomaki AWOKADO | 8 szt,HOSOMAKI,1,21.0,4.73,8.0,21.0,1.5555555555555556,19.444444444444443,14.714444444444442,0.756742857142857,0.2432571428571429,19.444444444444443,21.0,4.73,14.714444444444442
376,2026-07-12,Zestaw Startowy | 16 szt,ZESTAWY,1,81.9,20.13,8.0,81.9,6.066666666666667,75.83333333333334,55.70333333333335,0.7345494505494506,0.2654505494505494,75.83333333333334,81.9,20.13,55.70333333333335
377,2026-07-12,Red dragon roll | 8 szt,ROLKI AUTORSKIE,1,65.0,14.85,23.0,65.0,12.154471544715447,52.84552845528455,37.99552845528455,0.7189923076923077,0.2810076923076923,52.84552845528455,65.0,14.85,37.99552845528455
378,2026-07-12,Imbir,DODATKI,1,3.0,0.19,8.0,3.0,0.2222222222222222,2.7777777777777777,2.5877777777777777,0.9316,0.0684,2.7777777777777777,3.0,0.19,2.5877777777777777
379,2026-07-12,Yakuza roll | 8 szt,ROLKI AUTORSKIE,1,90.0,17.24,23.0,90.0,16.829268292682926,73.17073170731707,55.93073170731708,0.7643866666666668,0.2356133333333333,73.17073170731707,90.0,17.24,55.93073170731708
380,2026-07-12,Gunkan ŁOSOŚ SUROWY | 2 szt,GUNKANY,1,28.0,5.81,8.0,28.0,2.074074074074074,25.925925925925927,20.11592592592593,0.7759,0.22409999999999997,25.925925925925927,28.0,5.81,20.11592592592593
381,2026-07-13,Sushi burger KREWETKA PANKO,SUSHI BURGER,1,65.0,13.4,23.0,65.0,12.154471544715447,52.84552845528455,39.44552845528455,0.7464307692307692,0.25356923076923077,52.84552845528455,65.0,13.4,39.44552845528455
382,2026-07-13,Zapieczona rolka ŁOSOŚ SUROWY | 8 szt,ROLKI ZAPIECZONE,1,60.0,12.11,8.0,60.0,4.444444444444445,55.55555555555556,43.44555555555556,0.78202,0.21797999999999998,55.55555555555556,60.0,12.11,43.44555555555556
383,2026-07-13,Philadelphia krewetka ebi | 8 szt,PHILADELPHIA,1,60.0,11.59,23.0,60.0,11.21951219512195,48.78048780487805,37.190487804878046,0.7624049999999999,0.237595,48.78048780487805,60.0,11.59,37.190487804878046
384,2026-07-13,Zapieczona rolka FELIX | 8 szt,ROLKI ZAPIECZONE,1,60.0,10.83,8.0,60.0,4.444444444444445,55.55555555555556,44.72555555555556,0.80506,0.19494,55.55555555555556,60.0,10.83,44.72555555555556
385,2026-07-13,California RAINBOW | 8 szt,CALIFORNIA,1,65.0,15.34,8.0,65.0,4.814814814814815,60.18518518518518,44.84518518518519,0.74512,0.25488,60.18518518518518,65.0,15.34,44.84518518518519
386,2026-07-13,Gunkan ŁOSOŚ SUROWY | 2 szt,GUNKANY,1,28.0,5.81,8.0,28.0,2.074074074074074,25.925925925925927,20.11592592592593,0.7759,0.22409999999999997,25.925925925925927,28.0,5.81,20.11592592592593
387,2026-07-13,PROMO 1+1=3 Sushi burgery,SUSHI BURGER,1,120.0,35.36,8.0,120.0,8.88888888888889,111.11111111111111,75.75111111111111,0.68176,0.31823999999999997,111.11111111111111,120.0,35.36,75.75111111111111
388,2026-07-13,Sos sojowy 30ml,DODATKI,1,4.0,0.5,8.0,4.0,0.2962962962962963,3.7037037037037037,3.2037037037037037,0.865,0.135,3.7037037037037037,4.0,0.5,3.2037037037037037
389,2026-07-13,Futomaki FRESH ROLL | 6 szt,FUTOMAKI,4,140.0,6.39,8.0,35.0,2.5925925925925926,32.407407407407405,26.017407407407404,0.8028228571428571,0.19717714285714286,129.62962962962962,140.0,25.56,104.06962962962962
390,2026-07-13,Futomaki GRZYBY SHIITAKE | 6 szt,WEGE MENU,1,26.0,6.61,8.0,26.0,1.9259259259259258,24.074074074074073,17.464074074074073,0.7254307692307692,0.2745692307692308,24.074074074074073,26.0,6.61,17.464074074074073
391,2026-07-13,Sos spicy majo 30ml,DODATKI,1,4.0,1.0,8.0,4.0,0.2962962962962963,3.7037037037037037,2.7037037037037037,0.73,0.27,3.7037037037037037,4.0,1.0,2.7037037037037037
392,2026-07-13,California KREWETKA PANKO | 8 szt,CALIFORNIA,1,58.0,10.5,23.0,58.0,10.845528455284553,47.15447154471545,36.65447154471545,0.7773275862068966,0.22267241379310343,47.15447154471545,58.0,10.5,36.65447154471545
393,2026-07-13,Krewetki w tempurze | 6 szt,PRZEKĄSKI,2,80.0,11.29,23.0,40.0,7.479674796747967,32.520325203252035,21.230325203252036,0.6528325,0.34716749999999996,65.04065040650407,80.0,22.58,42.46065040650407
394,2026-07-13,Futomaki ŁOSOŚ GRILLOWANY | 6 szt,FUTOMAKI,2,76.0,7.51,8.0,38.0,2.814814814814815,35.18518518518518,27.675185185185185,0.7865578947368421,0.2134421052631579,70.37037037037037,76.0,15.02,55.35037037037037
395,2026-07-13,Futomaki KALMAR PANKO | 6 szt,FUTOMAKI,4,128.0,5.7,23.0,32.0,5.983739837398374,26.016260162601625,20.316260162601626,0.78090625,0.21909375,104.0650406504065,128.0,22.8,81.2650406504065
396,2026-07-13,Futomaki ŁOSOŚ SUROWY | 6 szt,FUTOMAKI,1,38.0,7.81,8.0,38.0,2.814814814814815,35.18518518518518,27.375185185185185,0.7780315789473684,0.2219684210526316,35.18518518518518,38.0,7.81,27.375185185185185
397,2026-07-14,Philadelphia łosoś | 8 szt,PHILADELPHIA,1,55.0,14.42,8.0,55.0,4.074074074074074,50.925925925925924,36.50592592592592,0.7168436363636363,0.28315636363636365,50.925925925925924,55.0,14.42,36.50592592592592
398,2026-07-14,Sos śliwkowy 30ml,DODATKI,2,6.0,1.0,8.0,3.0,0.2222222222222222,2.7777777777777777,1.7777777777777777,0.64,0.36,5.555555555555555,6.0,2.0,3.5555555555555554
399,2026-07-14,Sos unagi 30ml,DODATKI,2,6.0,1.0,8.0,3.0,0.2222222222222222,2.7777777777777777,1.7777777777777777,0.64,0.36,5.555555555555555,6.0,2.0,3.5555555555555554
400,2026-07-14,Imbir,DODATKI,2,6.0,0.19,8.0,3.0,0.2222222222222222,2.7777777777777777,2.5877777777777777,0.9316,0.0684,5.555555555555555,6.0,0.38,5.1755555555555555
401,2026-07-14,Sos sojowy 30ml,DODATKI,4,12.0,0.5,8.0,3.0,0.2222222222222222,2.7777777777777777,2.2777777777777777,0.82,0.18,11.11111111111111,12.0,2.0,9.11111111111111
402,2026-07-14,California TUŃCZYK SUROWY | 8 szt,CALIFORNIA,1,55.0,13.22,8.0,55.0,4.074074074074074,50.925925925925924,37.705925925925925,0.7404072727272727,0.2595927272727273,50.925925925925924,55.0,13.22,37.705925925925925
403,2026-07-14,Sałatka wakame,PRZEKĄSKI,1,18.0,2.5,8.0,18.0,1.3333333333333333,16.666666666666668,14.166666666666668,0.85,0.15,16.666666666666668,18.0,2.5,14.166666666666668
404,2026-07-14,PROMO 1+1=3 Sushi burgery,SUSHI BURGER,1,120.0,35.36,8.0,120.0,8.88888888888889,111.11111111111111,75.75111111111111,0.68176,0.31823999999999997,111.11111111111111,120.0,35.36,75.75111111111111
405,2026-07-14,Sushi burger ŁOSOŚ GRILLOWANY,SUSHI BURGER,2,130.0,11.18,8.0,65.0,4.814814814814815,60.18518518518518,49.005185185185184,0.81424,0.18576,120.37037037037037,130.0,22.36,98.01037037037037
406,2026-07-14,Feliks roll | 8 szt,ROLKI AUTORSKIE,1,45.0,9.74,8.0,45.0,3.3333333333333335,41.666666666666664,31.926666666666662,0.7662399999999999,0.23376000000000002,41.666666666666664,45.0,9.74,31.926666666666662
407,2026-07-14,California KREWETKA PANKO | 8 szt,CALIFORNIA,1,58.0,10.5,23.0,58.0,10.845528455284553,47.15447154471545,36.65447154471545,0.7773275862068966,0.22267241379310343,47.15447154471545,58.0,10.5,36.65447154471545
408,2026-07-14,Miso inari tofu | 350 ml,ZUPY,1,33.0,1.51,8.0,33.0,2.4444444444444446,30.555555555555557,29.045555555555556,0.9505818181818181,0.04941818181818181,30.555555555555557,33.0,1.51,29.045555555555556
409,2026-07-14,Sos spicy majo 30ml,DODATKI,2,8.0,1.0,8.0,4.0,0.2962962962962963,3.7037037037037037,2.7037037037037037,0.73,0.27,7.407407407407407,8.0,2.0,5.407407407407407
410,2026-07-14,Futomaki KALMAR PANKO | 6 szt,FUTOMAKI,4,128.0,5.7,23.0,32.0,5.983739837398374,26.016260162601625,20.316260162601626,0.78090625,0.21909375,104.0650406504065,128.0,22.8,81.2650406504065
411,2026-07-14,Futomaki FRESH ROLL | 6 szt,FUTOMAKI,6,210.0,6.39,8.0,35.0,2.5925925925925926,32.407407407407405,26.017407407407404,0.8028228571428571,0.19717714285714286,194.44444444444443,210.0,38.339999999999996,156.10444444444443
412,2026-07-14,Futomaki ŁOSOŚ GRILLOWANY | 6 szt,FUTOMAKI,14,532.0,7.51,8.0,38.0,2.814814814814815,35.18518518518518,27.675185185185185,0.7865578947368421,0.2134421052631579,492.59259259259255,532.0,105.14,387.45259259259257
413,2026-07-15,Wasabi,DODATKI,2,4.0,0.3,8.0,2.0,0.14814814814814814,1.8518518518518519,1.5518518518518518,0.838,0.162,3.7037037037037037,4.0,0.6,3.1037037037037036
414,2026-07-15,Sos unagi 30ml,DODATKI,2,6.0,1.0,8.0,3.0,0.2222222222222222,2.7777777777777777,1.7777777777777777,0.64,0.36,5.555555555555555,6.0,2.0,3.5555555555555554
415,2026-07-15,Sos sojowy 30ml,DODATKI,2,6.0,0.5,8.0,3.0,0.2222222222222222,2.7777777777777777,2.2777777777777777,0.82,0.18,5.555555555555555,6.0,1.0,4.555555555555555
416,2026-07-15,Philadelphia węgorz unagi | 8 szt,PHILADELPHIA,1,60.0,14.02,8.0,60.0,4.444444444444445,55.55555555555556,41.53555555555556,0.7476400000000001,0.25236,55.55555555555556,60.0,14.02,41.53555555555556
417,2026-07-15,Philadelphia cheddar | 8 szt,PHILADELPHIA,1,60.0,14.47,8.0,60.0,4.444444444444445,55.55555555555556,41.08555555555556,0.73954,0.26046,55.55555555555556,60.0,14.47,41.08555555555556
418,2026-07-15,California SHIITAKE | 8 szt,WEGE MENU,1,38.0,9.77,8.0,38.0,2.814814814814815,35.18518518518518,25.415185185185184,0.7223263157894737,0.2776736842105263,35.18518518518518,38.0,9.77,25.415185185185184
419,2026-07-15,Futomaki GRZYBY SHIITAKE | 6 szt,WEGE MENU,1,26.0,6.61,8.0,26.0,1.9259259259259258,24.074074074074073,17.464074074074073,0.7254307692307692,0.2745692307692308,24.074074074074073,26.0,6.61,17.464074074074073
420,2026-07-15,Fuji roll | 8 szt,ROLKI AUTORSKIE,1,65.0,14.86,8.0,65.0,4.814814814814815,60.18518518518518,45.325185185185184,0.7530953846153846,0.2469046153846154,60.18518518518518,65.0,14.86,45.325185185185184
421,2026-07-15,Zapieczona rolka ŁOSOŚ SUROWY | 8 szt,ROLKI ZAPIECZONE,1,60.0,12.11,8.0,60.0,4.444444444444445,55.55555555555556,43.44555555555556,0.78202,0.21797999999999998,55.55555555555556,60.0,12.11,43.44555555555556
422,2026-07-15,Futomaki FRESH ROLL | 6 szt,FUTOMAKI,2,70.0,6.39,8.0,35.0,2.5925925925925926,32.407407407407405,26.017407407407404,0.8028228571428571,0.19717714285714286,64.81481481481481,70.0,12.78,52.03481481481481
423,2026-07-15,Futomaki ŁOSOŚ GRILLOWANY | 6 szt,FUTOMAKI,2,76.0,7.51,8.0,38.0,2.814814814814815,35.18518518518518,27.675185185185185,0.7865578947368421,0.2134421052631579,70.37037037037037,76.0,15.02,55.35037037037037
424,2026-07-16,Sos sojowy 30ml,DODATKI,1,3.0,0.5,8.0,3.0,0.2222222222222222,2.7777777777777777,2.2777777777777777,0.82,0.18,2.7777777777777777,3.0,0.5,2.2777777777777777
425,2026-07-16,California KREWETKA PANKO | 8 szt,CALIFORNIA,1,50.0,10.5,23.0,50.0,9.34959349593496,40.65040650406504,30.15040650406504,0.7417,0.25830000000000003,40.65040650406504,50.0,10.5,30.15040650406504
426,2026-07-16,Futomaki TUŃCZYK SUROWY | 6 szt,FUTOMAKI,1,45.0,8.83,8.0,45.0,3.3333333333333335,41.666666666666664,32.836666666666666,0.78808,0.21192000000000003,41.666666666666664,45.0,8.83,32.836666666666666
427,2026-07-16,Krabs - Burger,SUSHI BURGER,1,55.0,12.27,8.0,55.0,4.074074074074074,50.925925925925924,38.65592592592593,0.7590618181818183,0.24093818181818183,50.925925925925924,55.0,12.27,38.65592592592593
428,2026-07-16,California ŁOSOŚ GRILLOWANY | 8 szt,CALIFORNIA,1,55.0,11.5,8.0,55.0,4.074074074074074,50.925925925925924,39.425925925925924,0.7741818181818182,0.22581818181818183,50.925925925925924,55.0,11.5,39.425925925925924
429,2026-07-16,Zestaw Philadelphia | 24 szt,ZESTAWY,1,170.0,38.04,8.0,170.0,12.592592592592593,157.40740740740742,119.36740740740743,0.7583341176470589,0.24166588235294115,157.40740740740742,170.0,38.04,119.36740740740743
430,2026-07-16,Futomaki KREWETKA EBI | 6 szt,FUTOMAKI,1,38.0,8.33,23.0,38.0,7.105691056910569,30.89430894308943,22.56430894308943,0.7303710526315789,0.2696289473684211,30.89430894308943,38.0,8.33,22.56430894308943
431,2026-07-16,Zestaw Hosomaki | 56 szt,ZESTAWY,1,100.0,23.48,8.0,100.0,7.407407407407407,92.5925925925926,69.11259259259259,0.746416,0.253584,92.5925925925926,100.0,23.48,69.11259259259259
432,2026-07-16,Sushi burger ŁOSOŚ SUROWY,SUSHI BURGER,1,65.0,11.91,8.0,65.0,4.814814814814815,60.18518518518518,48.27518518518518,0.8021107692307692,0.1978892307692308,60.18518518518518,65.0,11.91,48.27518518518518
433,2026-07-16,Duo Set | 28 szt,ZESTAWY,1,160.0,34.6,8.0,160.0,11.851851851851851,148.14814814814815,113.54814814814816,0.7664500000000001,0.23355,148.14814814814815,160.0,34.6,113.54814814814816
434,2026-07-16,Futomaki ŁOSOŚ SUROWY | 6 szt,FUTOMAKI,2,76.0,7.81,8.0,38.0,2.814814814814815,35.18518518518518,27.375185185185185,0.7780315789473684,0.2219684210526316,70.37037037037037,76.0,15.62,54.75037037037037
435,2026-07-16,Hosomaki ŁOSOŚ SUROWY | 8 szt,HOSOMAKI,2,50.0,6.01,8.0,25.0,1.8518518518518519,23.14814814814815,17.138148148148147,0.7403679999999999,0.259632,46.2962962962963,50.0,12.02,34.276296296296294
436,2026-07-16,Sos sojowy 30ml,DODATKI,3,12.0,0.5,8.0,4.0,0.2962962962962963,3.7037037037037037,3.2037037037037037,0.865,0.135,11.11111111111111,12.0,1.5,9.61111111111111
437,2026-07-16,Futomaki ŁOSOŚ GRILLOWANY | 6 szt,FUTOMAKI,4,152.0,7.51,8.0,38.0,2.814814814814815,35.18518518518518,27.675185185185185,0.7865578947368421,0.2134421052631579,140.74074074074073,152.0,30.04,110.70074074074074
438,2026-07-16,Futomaki FRESH ROLL | 6 szt,FUTOMAKI,1,35.0,6.39,8.0,35.0,2.5925925925925926,32.407407407407405,26.017407407407404,0.8028228571428571,0.19717714285714286,32.407407407407405,35.0,6.39,26.017407407407404
439,2026-07-17,Futomaki TUŃCZYK SUROWY | 6 szt / 12 szt,FUTOMAKI,1,38.0,8.83,8.0,38.0,2.814814814814815,35.18518518518518,26.355185185185185,0.749042105263158,0.2509578947368421,35.18518518518518,38.0,8.83,26.355185185185185
440,2026-07-17,Philadelphia krewetka ebi | 8 szt,PHILADELPHIA,1,60.0,11.59,23.0,60.0,11.21951219512195,48.78048780487805,37.190487804878046,0.7624049999999999,0.237595,48.78048780487805,60.0,11.59,37.190487804878046
441,2026-07-17,California RAINBOW | 8 szt,CALIFORNIA,1,65.0,15.34,8.0,65.0,4.814814814814815,60.18518518518518,44.84518518518519,0.74512,0.25488,60.18518518518518,65.0,15.34,44.84518518518519
442,2026-07-17,Zestaw Hikari | 48 szt,ZESTAWY,1,245.0,55.05,8.0,245.0,18.14814814814815,226.85185185185185,171.80185185185184,0.757330612244898,0.24266938775510202,226.85185185185185,245.0,55.05,171.80185185185184
443,2026-07-17,Green dragon roll | 8 szt,ROLKI AUTORSKIE,1,62.0,15.28,8.0,62.0,4.592592592592593,57.407407407407405,42.127407407407404,0.7338322580645161,0.26616774193548387,57.407407407407405,62.0,15.28,42.127407407407404
444,2026-07-17,Tokyo roll | 8 szt,ROLKI AUTORSKIE,1,57.0,14.03,23.0,57.0,10.658536585365853,46.34146341463415,32.31146341463415,0.6972473684210526,0.30275263157894733,46.34146341463415,57.0,14.03,32.31146341463415
445,2026-07-17,Red dragon roll | 8 szt,ROLKI AUTORSKIE,1,65.0,14.85,23.0,65.0,12.154471544715447,52.84552845528455,37.99552845528455,0.7189923076923077,0.2810076923076923,52.84552845528455,65.0,14.85,37.99552845528455
446,2026-07-17,Futomaki KREWETKA PANKO | 6 szt / 12 szt,FUTOMAKI,1,37.0,8.72,23.0,37.0,6.91869918699187,30.08130081300813,21.36130081300813,0.7101189189189189,0.28988108108108107,30.08130081300813,37.0,8.72,21.36130081300813
447,2026-07-17,Green fresh roll | 8 szt,ROLKI AUTORSKIE,1,52.0,15.28,8.0,52.0,3.8518518518518516,48.148148148148145,32.868148148148144,0.6826461538461538,0.31735384615384615,48.148148148148145,52.0,15.28,32.868148148148144
448,2026-07-17,Sos sojowy 30ml,DODATKI,5,15.0,0.5,8.0,3.0,0.2222222222222222,2.7777777777777777,2.2777777777777777,0.82,0.18,13.88888888888889,15.0,2.5,11.38888888888889
449,2026-07-17,Wasabi,DODATKI,1,2.0,0.3,8.0,2.0,0.14814814814814814,1.8518518518518519,1.5518518518518518,0.838,0.162,1.8518518518518519,2.0,0.3,1.5518518518518518
450,2026-07-17,Saga roll | 8 szt,ROLKI AUTORSKIE,1,62.0,16.78,23.0,62.0,11.59349593495935,50.40650406504065,33.62650406504065,0.6671064516129032,0.3328935483870968,50.40650406504065,62.0,16.78,33.62650406504065
451,2026-07-17,California ŁOSOŚ SUROWY | 8 szt,CALIFORNIA,1,56.0,12.98,8.0,56.0,4.148148148148148,51.851851851851855,38.87185185185186,0.7496714285714287,0.2503285714285714,51.851851851851855,56.0,12.98,38.87185185185186
452,2026-07-17,Rolka w tempurze KREWETKA EBI | 8 szt,ROLKI W TEMPURZE,1,60.0,13.79,23.0,60.0,11.21951219512195,48.78048780487805,34.99048780487805,0.717305,0.282695,48.78048780487805,60.0,13.79,34.99048780487805
453,2026-07-17,Zapieczona rolka ŁOSOŚ SUROWY | 8 szt,ROLKI ZAPIECZONE,1,60.0,12.11,8.0,60.0,4.444444444444445,55.55555555555556,43.44555555555556,0.78202,0.21797999999999998,55.55555555555556,60.0,12.11,43.44555555555556
454,2026-07-17,Miso z łososiem | 350 ml,ZUPY,1,27.0,3.59,8.0,27.0,2.0,25.0,21.41,0.8564,0.1436,25.0,27.0,3.59,21.41
455,2026-07-17,Futomaki FRESH ROLL | 6 szt,FUTOMAKI,4,140.0,6.39,8.0,35.0,2.5925925925925926,32.407407407407405,26.017407407407404,0.8028228571428571,0.19717714285714286,129.62962962962962,140.0,25.56,104.06962962962962
456,2026-07-17,Zestaw Startowy | 16 szt,ZESTAWY,2,163.8,20.13,8.0,81.9,6.066666666666667,75.83333333333334,55.70333333333335,0.7345494505494506,0.2654505494505494,151.66666666666669,163.8,40.26,111.4066666666667
457,2026-07-17,Philadelphia łosoś | 8 szt,PHILADELPHIA,2,110.0,14.42,8.0,55.0,4.074074074074074,50.925925925925924,36.50592592592592,0.7168436363636363,0.28315636363636365,101.85185185185185,110.0,28.84,73.01185185185184
458,2026-07-17,Vibe Set | 32 szt,ZESTAWY,2,400.0,50.77,8.0,200.0,14.814814814814815,185.1851851851852,134.41518518518518,0.725842,0.274158,370.3703703703704,400.0,101.54,268.83037037037036
459,2026-07-17,Sushi burger KREWETKA PANKO,SUSHI BURGER,2,120.0,13.4,23.0,60.0,11.21951219512195,48.78048780487805,35.38048780487805,0.7253000000000001,0.2747,97.5609756097561,120.0,26.8,70.7609756097561
460,2026-07-17,Philadelphia węgorz unagi | 8 szt,PHILADELPHIA,1,60.0,14.02,8.0,60.0,4.444444444444445,55.55555555555556,41.53555555555556,0.7476400000000001,0.25236,55.55555555555556,60.0,14.02,41.53555555555556
461,2026-07-17,Sunrise roll | 8 szt,ROLKI AUTORSKIE,1,57.0,14.16,23.0,57.0,10.658536585365853,46.34146341463415,32.18146341463415,0.694442105263158,0.3055578947368421,46.34146341463415,57.0,14.16,32.18146341463415
462,2026-07-17,Futomaki ŁOSOŚ GRILLOWANY | 6 szt,FUTOMAKI,5,190.0,7.51,8.0,38.0,2.814814814814815,35.18518518518518,27.675185185185185,0.7865578947368421,0.2134421052631579,175.92592592592592,190.0,37.55,138.3759259259259
463,2026-07-17,PROMO 1+1=3 Sushi burgery,SUSHI BURGER,1,120.0,35.36,8.0,120.0,8.88888888888889,111.11111111111111,75.75111111111111,0.68176,0.31823999999999997,111.11111111111111,120.0,35.36,75.75111111111111
464,2026-07-17,Zestaw Philadelphia | 24 szt,ZESTAWY,1,170.0,38.04,8.0,170.0,12.592592592592593,157.40740740740742,119.36740740740743,0.7583341176470589,0.24166588235294115,157.40740740740742,170.0,38.04,119.36740740740743
465,2026-07-17,California z czarnym ryżem ŁOSOŚ SUROWY | 8 szt,CALIFORNIA,1,60.0,12.98,8.0,60.0,4.444444444444445,55.55555555555556,42.57555555555555,0.7663599999999999,0.23364000000000001,55.55555555555556,60.0,12.98,42.57555555555555
466,2026-07-17,Yakuza roll | 8 szt,ROLKI AUTORSKIE,1,65.0,17.24,23.0,65.0,12.154471544715447,52.84552845528455,35.605528455284556,0.6737661538461539,0.32623384615384615,52.84552845528455,65.0,17.24,35.605528455284556
467,2026-07-17,Zapieczona rolka KREWETKA & MANGO | 8 szt,ROLKI ZAPIECZONE,1,60.0,12.91,23.0,60.0,11.21951219512195,48.78048780487805,35.87048780487805,0.735345,0.264655,48.78048780487805,60.0,12.91,35.87048780487805
468,2026-07-17,Futomaki ŁOSOŚ SUROWY | 6 szt / 12 szt,FUTOMAKI,1,36.0,7.81,8.0,36.0,2.6666666666666665,33.333333333333336,25.523333333333337,0.7657,0.23429999999999998,33.333333333333336,36.0,7.81,25.523333333333337
469,2026-07-17,Zestaw Philadelphia | 24 szt,ZESTAWY,1,170.0,38.04,8.0,170.0,12.592592592592593,157.40740740740742,119.36740740740743,0.7583341176470589,0.24166588235294115,157.40740740740742,170.0,38.04,119.36740740740743
470,2026-07-18,Futomaki WARZYWA W TEMPURZE | 6 szt,WEGE MENU,1,25.0,4.56,8.0,25.0,1.8518518518518519,23.14814814814815,18.58814814814815,0.803008,0.19699199999999997,23.14814814814815,25.0,4.56,18.58814814814815
471,2026-07-18,Philadelphia grill | 8 szt,PHILADELPHIA,1,65.0,15.33,8.0,65.0,4.814814814814815,60.18518518518518,44.855185185185185,0.7452861538461538,0.2547138461538462,60.18518518518518,65.0,15.33,44.855185185185185
472,2026-07-18,Futomaki MANGO | 6 szt,WEGE MENU,1,25.0,5.3,8.0,25.0,1.8518518518518519,23.14814814814815,17.848148148148148,0.77104,0.22896,23.14814814814815,25.0,5.3,17.848148148148148
473,2026-07-18,Vibe Set | 32 szt,ZESTAWY,1,200.0,50.77,8.0,200.0,14.814814814814815,185.1851851851852,134.41518518518518,0.725842,0.274158,185.1851851851852,200.0,50.77,134.41518518518518
474,2026-07-18,Zestaw Startowy | 16 szt,ZESTAWY,1,81.9,20.13,8.0,81.9,6.066666666666667,75.83333333333334,55.70333333333335,0.7345494505494506,0.2654505494505494,75.83333333333334,81.9,20.13,55.70333333333335
475,2026-07-18,Futomaki AWOKADO | 6 szt,WEGE MENU,1,25.0,5.93,8.0,25.0,1.8518518518518519,23.14814814814815,17.21814814814815,0.743824,0.25617599999999996,23.14814814814815,25.0,5.93,17.21814814814815
476,2026-07-18,Canada roll | 8 szt,ROLKI AUTORSKIE,1,67.0,17.63,8.0,67.0,4.962962962962963,62.03703703703704,44.40703703703704,0.7158149253731344,0.28418507462686565,62.03703703703704,67.0,17.63,44.40703703703704
477,2026-07-18,Futomaki FRESH ROLL | 6 szt / 12 szt,FUTOMAKI,1,32.0,6.39,8.0,32.0,2.3703703703703702,29.62962962962963,23.23962962962963,0.7843375,0.21566249999999998,29.62962962962963,32.0,6.39,23.23962962962963
478,2026-07-18,Wasabi,DODATKI,3,6.0,0.3,8.0,2.0,0.14814814814814814,1.8518518518518519,1.5518518518518518,0.838,0.162,5.555555555555555,6.0,0.8999999999999999,4.655555555555555
479,2026-07-18,Imbir,DODATKI,2,6.0,0.19,8.0,3.0,0.2222222222222222,2.7777777777777777,2.5877777777777777,0.9316,0.0684,5.555555555555555,6.0,0.38,5.1755555555555555
480,2026-07-18,Kalmary w tempurze | 8 szt,PRZEKĄSKI,1,35.0,6.03,23.0,35.0,6.544715447154472,28.455284552845526,22.425284552845525,0.7880885714285714,0.21191142857142858,28.455284552845526,35.0,6.03,22.425284552845525
481,2026-07-18,Hosomaki SEREK PHILADELPHIA | 8 szt,HOSOMAKI,1,18.0,3.91,8.0,18.0,1.3333333333333333,16.666666666666668,12.756666666666668,0.7654,0.2346,16.666666666666668,18.0,3.91,12.756666666666668
482,2026-07-18,Sos sojowy 30ml,DODATKI,5,12.0,0.5,8.0,2.4,0.17777777777777778,2.2222222222222223,1.7222222222222223,0.775,0.22499999999999998,11.11111111111111,12.0,2.5,8.61111111111111
483,2026-07-18,Hosomaki OSHINKO | 8 szt,HOSOMAKI,1,17.0,3.53,8.0,17.0,1.2592592592592593,15.74074074074074,12.210740740740741,0.7757411764705883,0.22425882352941176,15.74074074074074,17.0,3.53,12.210740740740741
484,2026-07-18,Miso z krewetkami | 350 ml,ZUPY,1,35.0,5.45,23.0,35.0,6.544715447154472,28.455284552845526,23.005284552845527,0.8084714285714286,0.19152857142857144,28.455284552845526,35.0,5.45,23.005284552845527
485,2026-07-18,Hosomaki KREWETKA EBI | 8 szt,HOSOMAKI,1,27.0,6.58,23.0,27.0,5.048780487804878,21.951219512195124,15.371219512195124,0.7002444444444444,0.29975555555555555,21.951219512195124,27.0,6.58,15.371219512195124
486,2026-07-18,Futomaki KALMAR PANKO | 6 szt,FUTOMAKI,6,192.0,5.7,23.0,32.0,5.983739837398374,26.016260162601625,20.316260162601626,0.78090625,0.21909375,156.09756097560975,192.0,34.2,121.89756097560975
487,2026-07-18,Futomaki ŁOSOŚ GRILLOWANY | 6 szt,FUTOMAKI,6,231.0,7.51,8.0,38.5,2.8518518518518516,35.648148148148145,28.138148148148147,0.7893298701298702,0.21067012987012987,213.88888888888886,231.0,45.06,168.82888888888886
488,2026-07-18,Futomaki FRESH ROLL | 6 szt,FUTOMAKI,4,140.0,6.39,8.0,35.0,2.5925925925925926,32.407407407407405,26.017407407407404,0.8028228571428571,0.19717714285714286,129.62962962962962,140.0,25.56,104.06962962962962
489,2026-07-18,Sushi burger ŁOSOŚ SUROWY,SUSHI BURGER,2,120.0,11.91,8.0,60.0,4.444444444444445,55.55555555555556,43.64555555555556,0.7856200000000001,0.21438,111.11111111111111,120.0,23.82,87.29111111111112
490,2026-07-18,Awokado fresh roll | 8 szt,WEGE MENU,1,38.0,9.53,8.0,38.0,2.814814814814815,35.18518518518518,25.655185185185182,0.7291473684210525,0.27085263157894734,35.18518518518518,38.0,9.53,25.655185185185182
491,2026-07-18,PROMO 1+1=3 Sushi burgery,SUSHI BURGER,2,240.0,35.36,8.0,120.0,8.88888888888889,111.11111111111111,75.75111111111111,0.68176,0.31823999999999997,222.22222222222223,240.0,70.72,151.50222222222223
492,2026-07-18,Zestaw Hikari | 48 szt,ZESTAWY,1,280.0,55.05,8.0,280.0,20.74074074074074,259.25925925925924,204.20925925925923,0.7876642857142857,0.2123357142857143,259.25925925925924,280.0,55.05,204.20925925925923
493,2026-07-18,California RAINBOW | 8 szt,CALIFORNIA,1,65.0,15.34,8.0,65.0,4.814814814814815,60.18518518518518,44.84518518518519,0.74512,0.25488,60.18518518518518,65.0,15.34,44.84518518518519
494,2026-07-18,Futomaki set | 48 szt,ZESTAWY,1,290.0,50.43,8.0,290.0,21.48148148148148,268.51851851851853,218.08851851851853,0.8121917241379311,0.18780827586206894,268.51851851851853,290.0,50.43,218.08851851851853
495,2026-07-18,Futomaki OMLET TAMAGO | 6 szt,WEGE MENU,1,26.0,2.5,8.0,26.0,1.9259259259259258,24.074074074074073,21.574074074074073,0.8961538461538462,0.10384615384615385,24.074074074074073,26.0,2.5,21.574074074074073
496,2026-07-18,Miyagi Set | 30 szt,ZESTAWY,1,140.0,27.61,8.0,140.0,10.37037037037037,129.62962962962962,102.01962962962962,0.7870085714285714,0.21299142857142858,129.62962962962962,140.0,27.61,102.01962962962962
497,2026-07-18,Sałatka wakame,PRZEKĄSKI,1,15.0,2.5,8.0,15.0,1.1111111111111112,13.88888888888889,11.38888888888889,0.82,0.18,13.88888888888889,15.0,2.5,11.38888888888889
498,2026-07-18,Futomaki KREWETKA PANKO | 6 szt / 12 szt,FUTOMAKI,1,37.0,8.72,23.0,37.0,6.91869918699187,30.08130081300813,21.36130081300813,0.7101189189189189,0.28988108108108107,30.08130081300813,37.0,8.72,21.36130081300813
499,2026-07-19,Sos spicy majo 30ml,DODATKI,1,4.0,1.0,8.0,4.0,0.2962962962962963,3.7037037037037037,2.7037037037037037,0.73,0.27,3.7037037037037037,4.0,1.0,2.7037037037037037
500,2026-07-19,Pomocnik do pałeczek,DODATKI,1,1.0,0.5,23.0,1.0,0.18699186991869918,0.8130081300813008,0.3130081300813008,0.385,0.615,0.8130081300813008,1.0,0.5,0.3130081300813008
501,2026-07-19,Imbir,DODATKI,1,3.0,0.19,8.0,3.0,0.2222222222222222,2.7777777777777777,2.5877777777777777,0.9316,0.0684,2.7777777777777777,3.0,0.19,2.5877777777777777
502,2026-07-19,Philadelphia cheddar | 8 szt,PHILADELPHIA,1,60.0,14.47,8.0,60.0,4.444444444444445,55.55555555555556,41.08555555555556,0.73954,0.26046,55.55555555555556,60.0,14.47,41.08555555555556
503,2026-07-19,Sushi burger WEGE,SUSHI BURGER,1,65.0,8.54,8.0,65.0,4.814814814814815,60.18518518518518,51.645185185185184,0.8581046153846154,0.14189538461538462,60.18518518518518,65.0,8.54,51.645185185185184
504,2026-07-19,Zestaw Startowy | 16 szt,ZESTAWY,1,81.9,20.13,8.0,81.9,6.066666666666667,75.83333333333334,55.70333333333335,0.7345494505494506,0.2654505494505494,75.83333333333334,81.9,20.13,55.70333333333335
505,2026-07-19,Zapieczona rolka FELIX | 8 szt,ROLKI ZAPIECZONE,1,60.0,10.83,8.0,60.0,4.444444444444445,55.55555555555556,44.72555555555556,0.80506,0.19494,55.55555555555556,60.0,10.83,44.72555555555556
506,2026-07-19,Feliks roll | 8 szt,ROLKI AUTORSKIE,1,45.0,9.74,8.0,45.0,3.3333333333333335,41.666666666666664,31.926666666666662,0.7662399999999999,0.23376000000000002,41.666666666666664,45.0,9.74,31.926666666666662
507,2026-07-19,California RAINBOW | 8 szt,CALIFORNIA,1,65.0,15.34,8.0,65.0,4.814814814814815,60.18518518518518,44.84518518518519,0.74512,0.25488,60.18518518518518,65.0,15.34,44.84518518518519
508,2026-07-19,Imbir,DODATKI,2,6.0,0.19,8.0,3.0,0.2222222222222222,2.7777777777777777,2.5877777777777777,0.9316,0.0684,5.555555555555555,6.0,0.38,5.1755555555555555
509,2026-07-19,Frytki z batatów (z sosem spicy - majo),DODATKI,1,10.0,4.7,8.0,10.0,0.7407407407407407,9.25925925925926,4.559259259259259,0.4924,0.5076,9.25925925925926,10.0,4.7,4.559259259259259
510,2026-07-19,Sos spicy majo 30ml,DODATKI,1,3.0,1.0,8.0,3.0,0.2222222222222222,2.7777777777777777,1.7777777777777777,0.64,0.36,2.7777777777777777,3.0,1.0,1.7777777777777777
511,2026-07-19,Futomaki KALMAR PANKO | 6 szt / 12 szt,FUTOMAKI,1,32.0,5.7,23.0,32.0,5.983739837398374,26.016260162601625,20.316260162601626,0.78090625,0.21909375,26.016260162601625,32.0,5.7,20.316260162601626
512,2026-07-19,Futomaki AWOKADO | 6 szt,WEGE MENU,1,30.0,5.93,8.0,30.0,2.2222222222222223,27.77777777777778,21.84777777777778,0.78652,0.21347999999999998,27.77777777777778,30.0,5.93,21.84777777777778
513,2026-07-19,Zestaw Hikari | 48 szt,ZESTAWY,1,245.0,55.05,8.0,245.0,18.14814814814815,226.85185185185185,171.80185185185184,0.757330612244898,0.24266938775510202,226.85185185185185,245.0,55.05,171.80185185185184
514,2026-07-19,Sushi burger ŁOSOŚ GRILLOWANY,SUSHI BURGER,2,120.0,11.18,8.0,60.0,4.444444444444445,55.55555555555556,44.37555555555556,0.79876,0.20124,111.11111111111111,120.0,22.36,88.75111111111111
515,2026-07-19,Vibe Set | 32 szt,ZESTAWY,1,200.0,50.77,8.0,200.0,14.814814814814815,185.1851851851852,134.41518518518518,0.725842,0.274158,185.1851851851852,200.0,50.77,134.41518518518518
516,2026-07-19,Hosomaki OGÓREK | 8 szt,HOSOMAKI,1,18.0,3.93,8.0,18.0,1.3333333333333333,16.666666666666668,12.736666666666668,0.7642,0.23579999999999998,16.666666666666668,18.0,3.93,12.736666666666668
517,2026-07-19,Futomaki ŁOSOŚ GRILLOWANY | 6 szt,FUTOMAKI,8,304.0,7.51,8.0,38.0,2.814814814814815,35.18518518518518,27.675185185185185,0.7865578947368421,0.2134421052631579,281.48148148148147,304.0,60.08,221.40148148148148
518,2026-07-19,Futomaki KREWETKA PANKO | 6 szt / 12 szt,FUTOMAKI,3,111.0,8.72,23.0,37.0,6.91869918699187,30.08130081300813,21.36130081300813,0.7101189189189189,0.28988108108108107,90.2439024390244,111.0,26.160000000000004,64.0839024390244
519,2026-07-19,Teriyaki,DODATKI,2,6.0,1.0,8.0,3.0,0.2222222222222222,2.7777777777777777,1.7777777777777777,0.64,0.36,5.555555555555555,6.0,2.0,3.5555555555555554
520,2026-07-19,California KREWETKA GOTOWANA | 8 szt,CALIFORNIA,2,110.0,15.05,23.0,55.0,10.284552845528456,44.71544715447155,29.665447154471547,0.6634272727272728,0.33657272727272725,89.4308943089431,110.0,30.1,59.330894308943094
521,2026-07-19,Spicy majo,DODATKI,2,6.0,1.0,8.0,3.0,0.2222222222222222,2.7777777777777777,1.7777777777777777,0.64,0.36,5.555555555555555,6.0,2.0,3.5555555555555554
522,2026-07-19,Futomaki FRESH ROLL | 6 szt,FUTOMAKI,2,70.0,6.39,8.0,35.0,2.5925925925925926,32.407407407407405,26.017407407407404,0.8028228571428571,0.19717714285714286,64.81481481481481,70.0,12.78,52.03481481481481
523,2026-07-19,Futomaki KALMAR PANKO | 6 szt,FUTOMAKI,4,128.0,5.7,23.0,32.0,5.983739837398374,26.016260162601625,20.316260162601626,0.78090625,0.21909375,104.0650406504065,128.0,22.8,81.2650406504065
524,2026-07-19,Futomaki KREWETKA PANKO | 6 szt,FUTOMAKI,1,40.0,8.72,23.0,40.0,7.479674796747967,32.520325203252035,23.800325203252036,0.7318600000000001,0.26814,32.520325203252035,40.0,8.72,23.800325203252036
525,2026-07-19,California z czarnym ryżem ŁOSOŚ SUROWY | 8 szt,CALIFORNIA,1,60.0,12.98,8.0,60.0,4.444444444444445,55.55555555555556,42.57555555555555,0.7663599999999999,0.23364000000000001,55.55555555555556,60.0,12.98,42.57555555555555
526,2026-07-19,Zapieczona rolka KREWETKA TEMPURA | 8 szt,ROLKI ZAPIECZONE,1,60.0,12.26,23.0,60.0,11.21951219512195,48.78048780487805,36.52048780487805,0.7486700000000001,0.25133,48.78048780487805,60.0,12.26,36.52048780487805
527,2026-07-19,Tiger roll | 8 szt,ROLKI AUTORSKIE,1,58.0,15.02,23.0,58.0,10.845528455284553,47.15447154471545,32.13447154471545,0.6814724137931035,0.31852758620689653,47.15447154471545,58.0,15.02,32.13447154471545
528,2026-07-19,Sushi burger KREWETKA GOTOWANA,SUSHI BURGER,1,60.0,12.37,23.0,60.0,11.21951219512195,48.78048780487805,36.41048780487805,0.746415,0.253585,48.78048780487805,60.0,12.37,36.41048780487805
529,2026-07-19,Zestaw Philadelphia | 24 szt,ZESTAWY,1,170.0,38.04,8.0,170.0,12.592592592592593,157.40740740740742,119.36740740740743,0.7583341176470589,0.24166588235294115,157.40740740740742,170.0,38.04,119.36740740740743
530,2026-07-19,Zestaw Yami | 38 szt,ZESTAWY,1,210.0,45.83,8.0,210.0,15.555555555555555,194.44444444444446,148.61444444444447,0.7643028571428573,0.23569714285714283,194.44444444444446,210.0,45.83,148.61444444444447
531,2026-07-19,Hosomaki KREWETKA PANKO | 8 szt,HOSOMAKI,2,60.0,7.4,23.0,30.0,5.609756097560975,24.390243902439025,16.990243902439026,0.6966000000000001,0.3034,48.78048780487805,60.0,14.8,33.98048780487805
532,2026-07-20,Pomocnik do pałeczek,DODATKI,1,1.0,0.5,23.0,1.0,0.18699186991869918,0.8130081300813008,0.3130081300813008,0.385,0.615,0.8130081300813008,1.0,0.5,0.3130081300813008
533,2026-07-20,Miyagi Set | 30 szt,ZESTAWY,1,130.0,27.61,8.0,130.0,9.62962962962963,120.37037037037037,92.76037037037037,0.7706246153846154,0.22937538461538462,120.37037037037037,130.0,27.61,92.76037037037037
534,2026-07-20,Hosomaki OSHINKO | 8 szt,HOSOMAKI,1,18.0,3.53,8.0,18.0,1.3333333333333333,16.666666666666668,13.136666666666668,0.7882,0.21179999999999996,16.666666666666668,18.0,3.53,13.136666666666668
535,2026-07-20,Futomaki WARZYWA W TEMPURZE | 6 szt,WEGE MENU,1,22.0,4.56,8.0,22.0,1.6296296296296295,20.37037037037037,15.810370370370372,0.7761454545454546,0.22385454545454544,20.37037037037037,22.0,4.56,15.810370370370372
536,2026-07-20,Sushi burger KREWETKA PANKO,SUSHI BURGER,1,60.0,13.4,23.0,60.0,11.21951219512195,48.78048780487805,35.38048780487805,0.7253000000000001,0.2747,48.78048780487805,60.0,13.4,35.38048780487805
537,2026-07-20,Sakura Set | 62 szt,ZESTAWY,1,295.0,69.78,8.0,295.0,21.85185185185185,273.14814814814815,203.36814814814815,0.7445342372881356,0.2554657627118644,273.14814814814815,295.0,69.78,203.36814814814815
538,2026-07-20,Zestaw Amour | 36 szt,ZESTAWY,1,195.0,42.75,8.0,195.0,14.444444444444445,180.55555555555554,137.80555555555554,0.7632307692307693,0.2367692307692308,180.55555555555554,195.0,42.75,137.80555555555554
539,2026-07-20,Sos spicy majo 30ml,DODATKI,2,6.0,1.0,8.0,3.0,0.2222222222222222,2.7777777777777777,1.7777777777777777,0.64,0.36,5.555555555555555,6.0,2.0,3.5555555555555554
540,2026-07-20,Imbir,DODATKI,3,9.0,0.19,8.0,3.0,0.2222222222222222,2.7777777777777777,2.5877777777777777,0.9316,0.0684,8.333333333333332,9.0,0.5700000000000001,7.763333333333332
541,2026-07-20,Sos sojowy 30ml,DODATKI,3,9.0,0.5,8.0,3.0,0.2222222222222222,2.7777777777777777,2.2777777777777777,0.82,0.18,8.333333333333332,9.0,1.5,6.833333333333332
542,2026-07-20,Sos unagi 30ml,DODATKI,2,6.0,1.0,8.0,3.0,0.2222222222222222,2.7777777777777777,1.7777777777777777,0.64,0.36,5.555555555555555,6.0,2.0,3.5555555555555554
543,2026-07-20,Pałeczki,DODATKI,1,0.1,0.1,23.0,0.1,0.018699186991869923,0.08130081300813008,-0.018699186991869926,-0.2300000000000001,1.2300000000000002,0.08130081300813008,0.1,0.1,-0.018699186991869926
544,2026-07-20,Sos teriyaki 30ml,DODATKI,1,4.0,1.0,8.0,4.0,0.2962962962962963,3.7037037037037037,2.7037037037037037,0.73,0.27,3.7037037037037037,4.0,1.0,2.7037037037037037
545,2026-07-20,Futomaki MANGO | 6 szt,WEGE MENU,1,28.0,5.3,8.0,28.0,2.074074074074074,25.925925925925927,20.625925925925927,0.7955714285714286,0.2044285714285714,25.925925925925927,28.0,5.3,20.625925925925927
546,2026-07-20,Wasabi,DODATKI,1,2.0,0.3,8.0,2.0,0.14814814814814814,1.8518518518518519,1.5518518518518518,0.838,0.162,1.8518518518518519,2.0,0.3,1.5518518518518518
547,2026-07-20,Hosomaki TUŃCZYK SUROWY | 8 szt,HOSOMAKI,1,28.0,7.13,8.0,28.0,2.074074074074074,25.925925925925927,18.79592592592593,0.7249857142857143,0.2750142857142857,25.925925925925927,28.0,7.13,18.79592592592593
548,2026-07-20,Philadelphia łosoś | 8 szt,PHILADELPHIA,1,55.0,14.42,8.0,55.0,4.074074074074074,50.925925925925924,36.50592592592592,0.7168436363636363,0.28315636363636365,50.925925925925924,55.0,14.42,36.50592592592592
549,2026-07-20,Futomaki ŁOSOŚ GRILLOWANY | 6 szt,FUTOMAKI,11,418.0,7.51,8.0,38.0,2.814814814814815,35.18518518518518,27.675185185185185,0.7865578947368421,0.2134421052631579,387.037037037037,418.0,82.61,304.427037037037
550,2026-07-20,Futomaki FRESH ROLL | 6 szt,FUTOMAKI,10,350.0,6.39,8.0,35.0,2.5925925925925926,32.407407407407405,26.017407407407404,0.8028228571428571,0.19717714285714286,324.074074074074,350.0,63.9,260.17407407407404
551,2026-07-20,PROMO 1+1=3 Sushi burgery,SUSHI BURGER,4,480.0,35.36,8.0,120.0,8.88888888888889,111.11111111111111,75.75111111111111,0.68176,0.31823999999999997,444.44444444444446,480.0,141.44,303.00444444444446
552,2026-07-20,Grill Set | 30 szt,ZESTAWY,2,270.0,30.29,8.0,135.0,10.0,125.0,94.71000000000001,0.75768,0.24231999999999998,250.0,270.0,60.58,189.42000000000002
553,2026-07-20,Futomaki ŁOSOŚ GRILLOWANY | 6 szt / 12 szt,FUTOMAKI,1,35.0,7.51,8.0,35.0,2.5925925925925926,32.407407407407405,24.897407407407407,0.7682628571428571,0.23173714285714286,32.407407407407405,35.0,7.51,24.897407407407407
554,2026-07-20,Philadelphia cheddar | 8 szt,PHILADELPHIA,1,60.0,14.47,8.0,60.0,4.444444444444445,55.55555555555556,41.08555555555556,0.73954,0.26046,55.55555555555556,60.0,14.47,41.08555555555556
555,2026-07-20,Futomaki KALMAR PANKO | 6 szt,FUTOMAKI,4,128.0,5.7,23.0,32.0,5.983739837398374,26.016260162601625,20.316260162601626,0.78090625,0.21909375,104.0650406504065,128.0,22.8,81.2650406504065
556,2026-07-20,Pomocnik do pałeczek,DODATKI,1,1.0,0.5,23.0,1.0,0.18699186991869918,0.8130081300813008,0.3130081300813008,0.385,0.615,0.8130081300813008,1.0,0.5,0.3130081300813008
557,2026-07-20,Rolka w tempurze KREWETKA EBI | 8 szt,ROLKI W TEMPURZE,1,60.0,13.79,23.0,60.0,11.21951219512195,48.78048780487805,34.99048780487805,0.717305,0.282695,48.78048780487805,60.0,13.79,34.99048780487805
558,2026-07-20,Hosomaki KANPYO | 8 szt,HOSOMAKI,1,21.0,3.88,8.0,21.0,1.5555555555555556,19.444444444444443,15.564444444444444,0.8004571428571429,0.19954285714285716,19.444444444444443,21.0,3.88,15.564444444444444
559,2026-07-20,Coca cola zero 0.5l,NAPOJE,1,10.0,7.0,23.0,10.0,1.8699186991869918,8.130081300813009,1.1300813008130088,0.13900000000000007,0.8609999999999999,8.130081300813009,10.0,7.0,1.1300813008130088
560,2026-07-20,Philadelphia węgorz unagi | 8 szt,PHILADELPHIA,1,60.0,14.02,8.0,60.0,4.444444444444445,55.55555555555556,41.53555555555556,0.7476400000000001,0.25236,55.55555555555556,60.0,14.02,41.53555555555556
561,2026-07-20,Sos unagi,DODATKI,1,3.0,1.0,8.0,3.0,0.2222222222222222,2.7777777777777777,1.7777777777777777,0.64,0.36,2.7777777777777777,3.0,1.0,1.7777777777777777
562,2026-07-20,Zestaw Philadelphia | 24 szt,ZESTAWY,1,170.0,38.04,8.0,170.0,12.592592592592593,157.40740740740742,119.36740740740743,0.7583341176470589,0.24166588235294115,157.40740740740742,170.0,38.04,119.36740740740743
563,2026-07-21,Coca cola 0.5l,NAPOJE,1,10.0,7.0,23.0,10.0,1.8699186991869918,8.130081300813009,1.1300813008130088,0.13900000000000007,0.8609999999999999,8.130081300813009,10.0,7.0,1.1300813008130088
564,2026-07-21,Black dragon roll | 8 szt,ROLKI AUTORSKIE,1,70.0,18.29,8.0,70.0,5.185185185185185,64.81481481481481,46.52481481481481,0.7178114285714285,0.28218857142857146,64.81481481481481,70.0,18.29,46.52481481481481
565,2026-07-21,California TUŃCZYK SUROWY | 8 szt,CALIFORNIA,1,55.0,13.22,8.0,55.0,4.074074074074074,50.925925925925924,37.705925925925925,0.7404072727272727,0.2595927272727273,50.925925925925924,55.0,13.22,37.705925925925925
566,2026-07-21,Sushi burger ŁOSOŚ GRILLOWANY,SUSHI BURGER,1,60.0,11.18,8.0,60.0,4.444444444444445,55.55555555555556,44.37555555555556,0.79876,0.20124,55.55555555555556,60.0,11.18,44.37555555555556
567,2026-07-21,Zestaw Startowy | 16 szt,ZESTAWY,1,81.9,20.13,8.0,81.9,6.066666666666667,75.83333333333334,55.70333333333335,0.7345494505494506,0.2654505494505494,75.83333333333334,81.9,20.13,55.70333333333335
568,2026-07-21,Miso z łososiem | 350 ml,ZUPY,1,35.0,3.59,8.0,35.0,2.5925925925925926,32.407407407407405,28.817407407407405,0.8892228571428571,0.11077714285714287,32.407407407407405,35.0,3.59,28.817407407407405
569,2026-07-21,Wege set | 38 szt,WEGE MENU,1,150.0,22.94,8.0,150.0,11.11111111111111,138.88888888888889,115.94888888888889,0.834832,0.165168,138.88888888888889,150.0,22.94,115.94888888888889
570,2026-07-21,Sos sojowy,DODATKI,2,6.0,0.5,8.0,3.0,0.2222222222222222,2.7777777777777777,2.2777777777777777,0.82,0.18,5.555555555555555,6.0,1.0,4.555555555555555
571,2026-07-21,Coca cola zero 0.5l,NAPOJE,1,10.0,7.0,23.0,10.0,1.8699186991869918,8.130081300813009,1.1300813008130088,0.13900000000000007,0.8609999999999999,8.130081300813009,10.0,7.0,1.1300813008130088
572,2026-07-21,Miso z łososiem | 350 ml,ZUPY,1,27.0,3.59,8.0,27.0,2.0,25.0,21.41,0.8564,0.1436,25.0,27.0,3.59,21.41
573,2026-07-21,Sushi burger ŁOSOŚ GRILLOWANY,SUSHI BURGER,2,130.0,11.18,8.0,65.0,4.814814814814815,60.18518518518518,49.005185185185184,0.81424,0.18576,120.37037037037037,130.0,22.36,98.01037037037037
574,2026-07-21,Sushi burger ŁOSOŚ SUROWY,SUSHI BURGER,3,180.0,11.91,8.0,60.0,4.444444444444445,55.55555555555556,43.64555555555556,0.7856200000000001,0.21438,166.66666666666669,180.0,35.730000000000004,130.93666666666667
575,2026-07-21,Futomaki ŁOSOŚ GRILLOWANY | 6 szt,FUTOMAKI,4,152.0,7.51,8.0,38.0,2.814814814814815,35.18518518518518,27.675185185185185,0.7865578947368421,0.2134421052631579,140.74074074074073,152.0,30.04,110.70074074074074
576,2026-07-21,Zapieczona rolka KREWETKA TEMPURA | 8 szt,ROLKI ZAPIECZONE,1,60.0,12.26,23.0,60.0,11.21951219512195,48.78048780487805,36.52048780487805,0.7486700000000001,0.25133,48.78048780487805,60.0,12.26,36.52048780487805
577,2026-07-22,Yakuza roll | 8 szt,ROLKI AUTORSKIE,1,65.0,17.24,23.0,65.0,12.154471544715447,52.84552845528455,35.605528455284556,0.6737661538461539,0.32623384615384615,52.84552845528455,65.0,17.24,35.605528455284556
578,2026-07-22,Sos unagi 30ml,DODATKI,1,3.0,1.0,8.0,3.0,0.2222222222222222,2.7777777777777777,1.7777777777777777,0.64,0.36,2.7777777777777777,3.0,1.0,1.7777777777777777
579,2026-07-22,Krabs - Burger,SUSHI BURGER,1,25.0,12.27,8.0,25.0,1.8518518518518519,23.14814814814815,10.87814814814815,0.469936,0.530064,23.14814814814815,25.0,12.27,10.87814814814815
580,2026-07-22,Imbir,DODATKI,1,3.0,0.19,8.0,3.0,0.2222222222222222,2.7777777777777777,2.5877777777777777,0.9316,0.0684,2.7777777777777777,3.0,0.19,2.5877777777777777
581,2026-07-22,Sos teriyaki 30ml,DODATKI,1,3.0,1.0,8.0,3.0,0.2222222222222222,2.7777777777777777,1.7777777777777777,0.64,0.36,2.7777777777777777,3.0,1.0,1.7777777777777777
582,2026-07-22,Sos sojowy 30ml,DODATKI,2,3.0,0.5,8.0,1.5,0.1111111111111111,1.3888888888888888,0.8888888888888888,0.64,0.36,2.7777777777777777,3.0,1.0,1.7777777777777777
583,2026-07-22,Miyagi Set | 30 szt,ZESTAWY,1,130.0,27.61,8.0,130.0,9.62962962962963,120.37037037037037,92.76037037037037,0.7706246153846154,0.22937538461538462,120.37037037037037,130.0,27.61,92.76037037037037
584,2026-07-22,Zestaw Startowy | 16 szt,ZESTAWY,1,81.9,20.13,8.0,81.9,6.066666666666667,75.83333333333334,55.70333333333335,0.7345494505494506,0.2654505494505494,75.83333333333334,81.9,20.13,55.70333333333335
585,2026-07-22,Futomaki ŁOSOŚ GRILLOWANY | 6 szt,FUTOMAKI,4,155.0,7.51,8.0,38.75,2.8703703703703702,35.87962962962963,28.369629629629635,0.7906890322580646,0.20931096774193544,143.51851851851853,155.0,30.04,113.47851851851854
586,2026-07-22,Duo Set | 28 szt,ZESTAWY,1,180.0,34.6,8.0,180.0,13.333333333333334,166.66666666666666,132.06666666666666,0.7924,0.2076,166.66666666666666,180.0,34.6,132.06666666666666
587,2026-07-22,Zestaw Philadelphia + Krabs Burger -50%,SUSHI BURGER,1,170.0,50.3,8.0,170.0,12.592592592592593,157.40740740740742,107.10740740740742,0.6804470588235294,0.31955294117647054,157.40740740740742,170.0,50.3,107.10740740740742
588,2026-07-22,PROMO 1+1=3 Sushi burgery,SUSHI BURGER,2,240.0,35.36,8.0,120.0,8.88888888888889,111.11111111111111,75.75111111111111,0.68176,0.31823999999999997,222.22222222222223,240.0,70.72,151.50222222222223
589,2026-07-22,Futomaki KALMAR PANKO | 6 szt,FUTOMAKI,2,64.0,5.7,23.0,32.0,5.983739837398374,26.016260162601625,20.316260162601626,0.78090625,0.21909375,52.03252032520325,64.0,11.4,40.63252032520325
590,2026-07-22,Futomaki FRESH ROLL | 6 szt,FUTOMAKI,2,70.0,6.39,8.0,35.0,2.5925925925925926,32.407407407407405,26.017407407407404,0.8028228571428571,0.19717714285714286,64.81481481481481,70.0,12.78,52.03481481481481
591,2026-07-22,Sos sojowy 30ml,DODATKI,2,8.0,0.5,8.0,4.0,0.2962962962962963,3.7037037037037037,3.2037037037037037,0.865,0.135,7.407407407407407,8.0,1.0,6.407407407407407
592,2026-07-22,Red dragon roll | 8 szt,ROLKI AUTORSKIE,1,65.0,14.85,23.0,65.0,12.154471544715447,52.84552845528455,37.99552845528455,0.7189923076923077,0.2810076923076923,52.84552845528455,65.0,14.85,37.99552845528455
593,2026-07-23,Sos sojowy 30ml,DODATKI,1,3.0,0.5,8.0,3.0,0.2222222222222222,2.7777777777777777,2.2777777777777777,0.82,0.18,2.7777777777777777,3.0,0.5,2.2777777777777777
594,2026-07-23,Hosomaki KANPYO | 8 szt,HOSOMAKI,1,18.0,3.88,8.0,18.0,1.3333333333333333,16.666666666666668,12.786666666666669,0.7672000000000001,0.23279999999999998,16.666666666666668,18.0,3.88,12.786666666666669
595,2026-07-23,Sushi burger KREWETKA PANKO,SUSHI BURGER,1,60.0,13.4,23.0,60.0,11.21951219512195,48.78048780487805,35.38048780487805,0.7253000000000001,0.2747,48.78048780487805,60.0,13.4,35.38048780487805
596,2026-07-23,Sakura Set | 62 szt,ZESTAWY,1,400.0,69.78,8.0,400.0,29.62962962962963,370.3703703703704,300.59037037037035,0.8115939999999999,0.188406,370.3703703703704,400.0,69.78,300.59037037037035
597,2026-07-23,Sushi burger KREWETKA GOTOWANA,SUSHI BURGER,1,70.0,12.37,23.0,70.0,13.089430894308943,56.91056910569105,44.540569105691056,0.7826414285714286,0.21735857142857143,56.91056910569105,70.0,12.37,44.540569105691056
598,2026-07-23,Zapieczona rolka FELIX | 8 szt,ROLKI ZAPIECZONE,1,60.0,10.83,8.0,60.0,4.444444444444445,55.55555555555556,44.72555555555556,0.80506,0.19494,55.55555555555556,60.0,10.83,44.72555555555556
599,2026-07-23,Sałatka wakame,PRZEKĄSKI,1,15.0,2.5,8.0,15.0,1.1111111111111112,13.88888888888889,11.38888888888889,0.82,0.18,13.88888888888889,15.0,2.5,11.38888888888889
600,2026-07-23,Miyagi Set | 30 szt,ZESTAWY,1,140.0,27.61,8.0,140.0,10.37037037037037,129.62962962962962,102.01962962962962,0.7870085714285714,0.21299142857142858,129.62962962962962,140.0,27.61,102.01962962962962
601,2026-07-23,California KRAB-MIX | 8 szt,CALIFORNIA,1,45.0,7.71,8.0,45.0,3.3333333333333335,41.666666666666664,33.95666666666666,0.81496,0.18504,41.666666666666664,45.0,7.71,33.95666666666666
602,2026-07-23,Imbir,DODATKI,2,6.0,0.19,8.0,3.0,0.2222222222222222,2.7777777777777777,2.5877777777777777,0.9316,0.0684,5.555555555555555,6.0,0.38,5.1755555555555555
603,2026-07-23,Frytki z batatów (z sosem śliwkowym),DODATKI,1,10.0,4.7,8.0,10.0,0.7407407407407407,9.25925925925926,4.559259259259259,0.4924,0.5076,9.25925925925926,10.0,4.7,4.559259259259259
604,2026-07-23,Zestaw Startowy | 16 szt,ZESTAWY,1,81.9,20.13,8.0,81.9,6.066666666666667,75.83333333333334,55.70333333333335,0.7345494505494506,0.2654505494505494,75.83333333333334,81.9,20.13,55.70333333333335
605,2026-07-23,Futomaki ŁOSOŚ SUROWY | 6 szt / 12 szt,FUTOMAKI,1,36.0,7.81,8.0,36.0,2.6666666666666665,33.333333333333336,25.523333333333337,0.7657,0.23429999999999998,33.333333333333336,36.0,7.81,25.523333333333337
606,2026-07-23,Zestaw Yami | 38 szt,ZESTAWY,1,210.0,45.83,8.0,210.0,15.555555555555555,194.44444444444446,148.61444444444447,0.7643028571428573,0.23569714285714283,194.44444444444446,210.0,45.83,148.61444444444447
607,2026-07-23,Futomaki TATAR Z ŁOSOSIA | 6 szt,FUTOMAKI,1,48.0,10.75,8.0,48.0,3.5555555555555554,44.44444444444444,33.69444444444444,0.7581249999999999,0.241875,44.44444444444444,48.0,10.75,33.69444444444444
608,2026-07-23,Yakuza roll | 8 szt,ROLKI AUTORSKIE,1,65.0,17.24,23.0,65.0,12.154471544715447,52.84552845528455,35.605528455284556,0.6737661538461539,0.32623384615384615,52.84552845528455,65.0,17.24,35.605528455284556
609,2026-07-23,Sałatka wakame,PRZEKĄSKI,1,18.0,2.5,8.0,18.0,1.3333333333333333,16.666666666666668,14.166666666666668,0.85,0.15,16.666666666666668,18.0,2.5,14.166666666666668
610,2026-07-23,Futomaki ŁOSOŚ GRILLOWANY | 6 szt,FUTOMAKI,4,152.0,7.51,8.0,38.0,2.814814814814815,35.18518518518518,27.675185185185185,0.7865578947368421,0.2134421052631579,140.74074074074073,152.0,30.04,110.70074074074074
611,2026-07-23,Philadelphia łosoś | 8 szt,PHILADELPHIA,2,110.0,14.42,8.0,55.0,4.074074074074074,50.925925925925924,36.50592592592592,0.7168436363636363,0.28315636363636365,101.85185185185185,110.0,28.84,73.01185185185184
612,2026-07-23,Miso z krewetkami | 350 ml,ZUPY,2,70.0,5.45,23.0,35.0,6.544715447154472,28.455284552845526,23.005284552845527,0.8084714285714286,0.19152857142857144,56.91056910569105,70.0,10.9,46.010569105691054
613,2026-07-23,Futomaki FRESH ROLL | 6 szt,FUTOMAKI,2,70.0,6.39,8.0,35.0,2.5925925925925926,32.407407407407405,26.017407407407404,0.8028228571428571,0.19717714285714286,64.81481481481481,70.0,12.78,52.03481481481481
614,2026-07-23,PROMO 1+1=3 Sushi burgery,SUSHI BURGER,2,240.0,35.36,8.0,120.0,8.88888888888889,111.11111111111111,75.75111111111111,0.68176,0.31823999999999997,222.22222222222223,240.0,70.72,151.50222222222223
615,2026-07-23,Sos sojowy 30ml,DODATKI,2,8.0,0.5,8.0,4.0,0.2962962962962963,3.7037037037037037,3.2037037037037037,0.865,0.135,7.407407407407407,8.0,1.0,6.407407407407407
616,2026-07-23,Fuji roll | 8 szt,ROLKI AUTORSKIE,2,130.0,14.86,8.0,65.0,4.814814814814815,60.18518518518518,45.325185185185184,0.7530953846153846,0.2469046153846154,120.37037037037037,130.0,29.72,90.65037037037037
617,2026-07-23,Zestaw Philadelphia | 24 szt,ZESTAWY,1,170.0,38.04,8.0,170.0,12.592592592592593,157.40740740740742,119.36740740740743,0.7583341176470589,0.24166588235294115,157.40740740740742,170.0,38.04,119.36740740740743
618,2026-07-23,Wasabi,DODATKI,1,2.0,0.3,8.0,2.0,0.14814814814814814,1.8518518518518519,1.5518518518518518,0.838,0.162,1.8518518518518519,2.0,0.3,1.5518518518518518
619,2026-07-23,Futomaki KREWETKA PANKO | 6 szt,FUTOMAKI,1,40.0,8.72,23.0,40.0,7.479674796747967,32.520325203252035,23.800325203252036,0.7318600000000001,0.26814,32.520325203252035,40.0,8.72,23.800325203252036
620,2026-07-23,Futomaki FRESH ROLL | 6 szt / 12 szt,FUTOMAKI,1,32.0,6.39,8.0,32.0,2.3703703703703702,29.62962962962963,23.23962962962963,0.7843375,0.21566249999999998,29.62962962962963,32.0,6.39,23.23962962962963
621,2026-07-23,Spicy majo,DODATKI,1,3.0,1.0,8.0,3.0,0.2222222222222222,2.7777777777777777,1.7777777777777777,0.64,0.36,2.7777777777777777,3.0,1.0,1.7777777777777777
622,2026-07-23,Miso z krewetkami | 350 ml,ZUPY,2,54.0,5.45,23.0,27.0,5.048780487804878,21.951219512195124,16.501219512195124,0.7517222222222223,0.24827777777777776,43.90243902439025,54.0,10.9,33.00243902439025
623,2026-07-24,Krewetki w tempurze | 6 szt,PRZEKĄSKI,1,40.0,11.29,23.0,40.0,7.479674796747967,32.520325203252035,21.230325203252036,0.6528325,0.34716749999999996,32.520325203252035,40.0,11.29,21.230325203252036
624,2026-07-24,Futomaki FIRE HARMONY | 6 szt / 12 szt,FUTOMAKI,1,47.0,10.7,23.0,47.0,8.788617886178862,38.21138211382114,27.51138211382114,0.7199787234042553,0.28002127659574466,38.21138211382114,47.0,10.7,27.51138211382114
625,2026-07-24,California ŁOSOŚ GRILLOWANY | 8 szt,CALIFORNIA,1,55.0,11.5,8.0,55.0,4.074074074074074,50.925925925925924,39.425925925925924,0.7741818181818182,0.22581818181818183,50.925925925925924,55.0,11.5,39.425925925925924
626,2026-07-24,Awokado fresh roll | 8 szt,WEGE MENU,1,50.0,9.53,8.0,50.0,3.7037037037037037,46.2962962962963,36.7662962962963,0.794152,0.20584799999999998,46.2962962962963,50.0,9.53,36.7662962962963
627,2026-07-24,Wasabi,DODATKI,1,2.0,0.3,8.0,2.0,0.14814814814814814,1.8518518518518519,1.5518518518518518,0.838,0.162,1.8518518518518519,2.0,0.3,1.5518518518518518
628,2026-07-24,Sos spicy majo 30ml,DODATKI,1,3.0,1.0,8.0,3.0,0.2222222222222222,2.7777777777777777,1.7777777777777777,0.64,0.36,2.7777777777777777,3.0,1.0,1.7777777777777777
629,2026-07-24,Duo Set | 28 szt,ZESTAWY,1,160.0,34.6,8.0,160.0,11.851851851851851,148.14814814814815,113.54814814814816,0.7664500000000001,0.23355,148.14814814814815,160.0,34.6,113.54814814814816
630,2026-07-24,Hosomaki OGÓREK | 8 szt,HOSOMAKI,1,18.0,3.93,8.0,18.0,1.3333333333333333,16.666666666666668,12.736666666666668,0.7642,0.23579999999999998,16.666666666666668,18.0,3.93,12.736666666666668
631,2026-07-24,Futomaki KREWETKA PANKO | 6 szt / 12 szt,FUTOMAKI,1,37.0,8.72,23.0,37.0,6.91869918699187,30.08130081300813,21.36130081300813,0.7101189189189189,0.28988108108108107,30.08130081300813,37.0,8.72,21.36130081300813
632,2026-07-24,Philadelphia cheddar | 8 szt,PHILADELPHIA,1,60.0,14.47,8.0,60.0,4.444444444444445,55.55555555555556,41.08555555555556,0.73954,0.26046,55.55555555555556,60.0,14.47,41.08555555555556
633,2026-07-24,Futomaki AWOKADO | 6 szt,WEGE MENU,1,25.0,5.93,8.0,25.0,1.8518518518518519,23.14814814814815,17.21814814814815,0.743824,0.25617599999999996,23.14814814814815,25.0,5.93,17.21814814814815
634,2026-07-24,Futomaki ŁOSOŚ GRILLOWANY | 6 szt / 12 szt,FUTOMAKI,5,175.0,7.51,8.0,35.0,2.5925925925925926,32.407407407407405,24.897407407407407,0.7682628571428571,0.23173714285714286,162.037037037037,175.0,37.55,124.48703703703701
635,2026-07-24,Futomaki FRESH ROLL | 6 szt,FUTOMAKI,4,140.0,6.39,8.0,35.0,2.5925925925925926,32.407407407407405,26.017407407407404,0.8028228571428571,0.19717714285714286,129.62962962962962,140.0,25.56,104.06962962962962
636,2026-07-24,Zestaw Startowy | 16 szt,ZESTAWY,2,163.8,20.13,8.0,81.9,6.066666666666667,75.83333333333334,55.70333333333335,0.7345494505494506,0.2654505494505494,151.66666666666669,163.8,40.26,111.4066666666667
637,2026-07-24,Futomaki KALMAR PANKO | 6 szt,FUTOMAKI,2,64.0,5.7,23.0,32.0,5.983739837398374,26.016260162601625,20.316260162601626,0.78090625,0.21909375,52.03252032520325,64.0,11.4,40.63252032520325
638,2026-07-24,Hosomaki ŁOSOŚ SUROWY | 8 szt,HOSOMAKI,2,50.0,6.01,8.0,25.0,1.8518518518518519,23.14814814814815,17.138148148148147,0.7403679999999999,0.259632,46.2962962962963,50.0,12.02,34.276296296296294
639,2026-07-24,Futomaki TATAR Z ŁOSOSIA | 6 szt / 12 szt,FUTOMAKI,2,84.0,10.75,8.0,42.0,3.111111111111111,38.888888888888886,28.138888888888886,0.7235714285714285,0.27642857142857147,77.77777777777777,84.0,21.5,56.27777777777777
640,2026-07-24,Grill Set | 30 szt,ZESTAWY,2,270.0,30.29,8.0,135.0,10.0,125.0,94.71000000000001,0.75768,0.24231999999999998,250.0,270.0,60.58,189.42000000000002
641,2026-07-24,Hosomaki KREWETKA PANKO | 8 szt,HOSOMAKI,1,28.0,7.4,23.0,28.0,5.235772357723577,22.764227642276424,15.364227642276424,0.6749285714285714,0.32507142857142857,22.764227642276424,28.0,7.4,15.364227642276424
642,2026-07-24,Philadelphia grill | 8 szt,PHILADELPHIA,1,65.0,15.33,8.0,65.0,4.814814814814815,60.18518518518518,44.855185185185185,0.7452861538461538,0.2547138461538462,60.18518518518518,65.0,15.33,44.855185185185185
643,2026-07-24,Futomaki ŁOSOŚ GRILLOWANY | 6 szt,FUTOMAKI,2,76.0,7.51,8.0,38.0,2.814814814814815,35.18518518518518,27.675185185185185,0.7865578947368421,0.2134421052631579,70.37037037037037,76.0,15.02,55.35037037037037
644,2026-07-25,Tempura fusion roll | 8 szt,ROLKI AUTORSKIE,1,68.0,12.44,23.0,68.0,12.715447154471544,55.28455284552845,42.844552845528455,0.7749823529411765,0.22501764705882354,55.28455284552845,68.0,12.44,42.844552845528455
645,2026-07-25,Hosomaki TUŃCZYK SUROWY | 8 szt,HOSOMAKI,1,28.0,7.13,8.0,28.0,2.074074074074074,25.925925925925927,18.79592592592593,0.7249857142857143,0.2750142857142857,25.925925925925927,28.0,7.13,18.79592592592593
646,2026-07-25,Miyagi Set | 30 szt,ZESTAWY,1,130.0,27.61,8.0,130.0,9.62962962962963,120.37037037037037,92.76037037037037,0.7706246153846154,0.22937538461538462,120.37037037037037,130.0,27.61,92.76037037037037
647,2026-07-25,Vibe Set | 32 szt,ZESTAWY,1,200.0,50.77,8.0,200.0,14.814814814814815,185.1851851851852,134.41518518518518,0.725842,0.274158,185.1851851851852,200.0,50.77,134.41518518518518
648,2026-07-25,Sushi burger KREWETKA GOTOWANA,SUSHI BURGER,1,60.0,12.37,23.0,60.0,11.21951219512195,48.78048780487805,36.41048780487805,0.746415,0.253585,48.78048780487805,60.0,12.37,36.41048780487805
649,2026-07-25,Futomaki TATAR Z ŁOSOSIA | 6 szt / 12 szt,FUTOMAKI,1,42.0,10.75,8.0,42.0,3.111111111111111,38.888888888888886,28.138888888888886,0.7235714285714285,0.27642857142857147,38.888888888888886,42.0,10.75,28.138888888888886
650,2026-07-25,Sos spicy majo 30ml,DODATKI,2,6.0,1.0,8.0,3.0,0.2222222222222222,2.7777777777777777,1.7777777777777777,0.64,0.36,5.555555555555555,6.0,2.0,3.5555555555555554
651,2026-07-25,Frytki z batatów (z sosem spicy - majo),DODATKI,4,40.0,4.7,8.0,10.0,0.7407407407407407,9.25925925925926,4.559259259259259,0.4924,0.5076,37.03703703703704,40.0,18.8,18.237037037037037
652,2026-07-25,Sos sojowy 30ml,DODATKI,4,12.0,0.5,8.0,3.0,0.2222222222222222,2.7777777777777777,2.2777777777777777,0.82,0.18,11.11111111111111,12.0,2.0,9.11111111111111
653,2026-07-25,Wasabi,DODATKI,3,6.0,0.3,8.0,2.0,0.14814814814814814,1.8518518518518519,1.5518518518518518,0.838,0.162,5.555555555555555,6.0,0.8999999999999999,4.655555555555555
654,2026-07-25,Philadelphia węgorz unagi | 8 szt,PHILADELPHIA,1,60.0,14.02,8.0,60.0,4.444444444444445,55.55555555555556,41.53555555555556,0.7476400000000001,0.25236,55.55555555555556,60.0,14.02,41.53555555555556
655,2026-07-25,Imbir,DODATKI,1,3.0,0.19,8.0,3.0,0.2222222222222222,2.7777777777777777,2.5877777777777777,0.9316,0.0684,2.7777777777777777,3.0,0.19,2.5877777777777777
656,2026-07-25,California KREWETKA GOTOWANA | 8 szt,CALIFORNIA,1,60.0,15.05,23.0,60.0,11.21951219512195,48.78048780487805,33.73048780487805,0.6914750000000001,0.308525,48.78048780487805,60.0,15.05,33.73048780487805
657,2026-07-25,PROMO 1+1=3 Sushi burgery,SUSHI BURGER,1,120.0,35.36,8.0,120.0,8.88888888888889,111.11111111111111,75.75111111111111,0.68176,0.31823999999999997,111.11111111111111,120.0,35.36,75.75111111111111
658,2026-07-25,California RAINBOW | 8 szt,CALIFORNIA,1,65.0,15.34,8.0,65.0,4.814814814814815,60.18518518518518,44.84518518518519,0.74512,0.25488,60.18518518518518,65.0,15.34,44.84518518518519
659,2026-07-25,Futomaki ŁOSOŚ SUROWY | 6 szt / 12 szt,FUTOMAKI,1,36.0,7.81,8.0,36.0,2.6666666666666665,33.333333333333336,25.523333333333337,0.7657,0.23429999999999998,33.333333333333336,36.0,7.81,25.523333333333337
660,2026-07-25,Futomaki ŁOSOŚ GRILLOWANY | 6 szt / 12 szt,FUTOMAKI,1,35.0,7.51,8.0,35.0,2.5925925925925926,32.407407407407405,24.897407407407407,0.7682628571428571,0.23173714285714286,32.407407407407405,35.0,7.51,24.897407407407407
661,2026-07-25,Sushi burger KREWETKA PANKO,SUSHI BURGER,6,360.0,13.4,23.0,60.0,11.21951219512195,48.78048780487805,35.38048780487805,0.7253000000000001,0.2747,292.6829268292683,360.0,80.4,212.2829268292683
662,2026-07-25,Futomaki ŁOSOŚ GRILLOWANY | 6 szt,FUTOMAKI,5,190.0,7.51,8.0,38.0,2.814814814814815,35.18518518518518,27.675185185185185,0.7865578947368421,0.2134421052631579,175.92592592592592,190.0,37.55,138.3759259259259
663,2026-07-25,Futomaki KREWETKA PANKO | 6 szt / 12 szt,FUTOMAKI,3,111.0,8.72,23.0,37.0,6.91869918699187,30.08130081300813,21.36130081300813,0.7101189189189189,0.28988108108108107,90.2439024390244,111.0,26.160000000000004,64.0839024390244
664,2026-07-25,Hosomaki ŁOSOŚ SUROWY | 8 szt,HOSOMAKI,2,52.0,6.01,8.0,26.0,1.9259259259259258,24.074074074074073,18.06407407407407,0.750353846153846,0.24964615384615385,48.148148148148145,52.0,12.02,36.12814814814814
665,2026-07-25,Pałeczki,DODATKI,2,0.2,0.1,23.0,0.1,0.018699186991869923,0.08130081300813008,-0.018699186991869926,-0.2300000000000001,1.2300000000000002,0.16260162601626016,0.2,0.2,-0.03739837398373985
666,2026-07-25,Futomaki FRESH ROLL | 6 szt,FUTOMAKI,2,70.0,6.39,8.0,35.0,2.5925925925925926,32.407407407407405,26.017407407407404,0.8028228571428571,0.19717714285714286,64.81481481481481,70.0,12.78,52.03481481481481
667,2026-07-25,Futomaki KALMAR PANKO | 6 szt,FUTOMAKI,6,192.0,5.7,23.0,32.0,5.983739837398374,26.016260162601625,20.316260162601626,0.78090625,0.21909375,156.09756097560975,192.0,34.2,121.89756097560975
668,2026-07-25,Duo Set | 28 szt,ZESTAWY,2,360.0,34.6,8.0,180.0,13.333333333333334,166.66666666666666,132.06666666666666,0.7924,0.2076,333.3333333333333,360.0,69.2,264.1333333333333
669,2026-07-25,Futomaki FIRE HARMONY | 6 szt / 12 szt,FUTOMAKI,1,47.0,10.7,23.0,47.0,8.788617886178862,38.21138211382114,27.51138211382114,0.7199787234042553,0.28002127659574466,38.21138211382114,47.0,10.7,27.51138211382114
670,2026-07-25,California ŁOSOŚ SUROWY | 8 szt,CALIFORNIA,1,56.0,12.98,8.0,56.0,4.148148148148148,51.851851851851855,38.87185185185186,0.7496714285714287,0.2503285714285714,51.851851851851855,56.0,12.98,38.87185185185186
671,2026-07-25,Sushi burger ŁOSOŚ GRILLOWANY,SUSHI BURGER,1,65.0,11.18,8.0,65.0,4.814814814814815,60.18518518518518,49.005185185185184,0.81424,0.18576,60.18518518518518,65.0,11.18,49.005185185185184
672,2026-07-25,Futomaki KALMAR PANKO | 6 szt / 12 szt,FUTOMAKI,1,32.0,5.7,23.0,32.0,5.983739837398374,26.016260162601625,20.316260162601626,0.78090625,0.21909375,26.016260162601625,32.0,5.7,20.316260162601626
673,2026-07-25,Philadelphia łosoś | 8 szt,PHILADELPHIA,2,110.0,14.42,8.0,55.0,4.074074074074074,50.925925925925924,36.50592592592592,0.7168436363636363,0.28315636363636365,101.85185185185185,110.0,28.84,73.01185185185184
674,2026-07-26,Sushi burger KREWETKA PANKO,SUSHI BURGER,1,60.0,13.4,23.0,60.0,11.21951219512195,48.78048780487805,35.38048780487805,0.7253000000000001,0.2747,48.78048780487805,60.0,13.4,35.38048780487805
675,2026-07-26,Sos unagi 30ml,DODATKI,1,3.0,1.0,8.0,3.0,0.2222222222222222,2.7777777777777777,1.7777777777777777,0.64,0.36,2.7777777777777777,3.0,1.0,1.7777777777777777
676,2026-07-26,Gunkan Ebi | 2 szt,GUNKANY,1,25.0,6.4,23.0,25.0,4.67479674796748,20.32520325203252,13.925203252032519,0.68512,0.31488000000000005,20.32520325203252,25.0,6.4,13.925203252032519
677,2026-07-26,Green fresh roll | 8 szt,ROLKI AUTORSKIE,1,65.0,15.28,8.0,65.0,4.814814814814815,60.18518518518518,44.90518518518518,0.746116923076923,0.25388307692307693,60.18518518518518,65.0,15.28,44.90518518518518
678,2026-07-26,Rolka w tempurze KREWETKA EBI | 8 szt,ROLKI W TEMPURZE,1,60.0,13.79,23.0,60.0,11.21951219512195,48.78048780487805,34.99048780487805,0.717305,0.282695,48.78048780487805,60.0,13.79,34.99048780487805
679,2026-07-26,Sos spicy majo 30ml,DODATKI,5,15.0,1.0,8.0,3.0,0.2222222222222222,2.7777777777777777,1.7777777777777777,0.64,0.36,13.88888888888889,15.0,5.0,8.88888888888889
680,2026-07-26,Black dragon roll | 8 szt,ROLKI AUTORSKIE,1,70.0,18.29,8.0,70.0,5.185185185185185,64.81481481481481,46.52481481481481,0.7178114285714285,0.28218857142857146,64.81481481481481,70.0,18.29,46.52481481481481
681,2026-07-26,Sos sojowy 30ml,DODATKI,2,6.0,0.5,8.0,3.0,0.2222222222222222,2.7777777777777777,2.2777777777777777,0.82,0.18,5.555555555555555,6.0,1.0,4.555555555555555
682,2026-07-26,Sos śliwkowy 30ml,DODATKI,1,3.0,1.0,8.0,3.0,0.2222222222222222,2.7777777777777777,1.7777777777777777,0.64,0.36,2.7777777777777777,3.0,1.0,1.7777777777777777
683,2026-07-26,Hosomaki ŁOSOŚ SUROWY | 8 szt,HOSOMAKI,1,25.0,6.01,8.0,25.0,1.8518518518518519,23.14814814814815,17.138148148148147,0.7403679999999999,0.259632,23.14814814814815,25.0,6.01,17.138148148148147
684,2026-07-26,Pałeczki,DODATKI,1,0.1,0.1,23.0,0.1,0.018699186991869923,0.08130081300813008,-0.018699186991869926,-0.2300000000000001,1.2300000000000002,0.08130081300813008,0.1,0.1,-0.018699186991869926
685,2026-07-26,Sos unagi 30ml,DODATKI,1,4.0,1.0,8.0,4.0,0.2962962962962963,3.7037037037037037,2.7037037037037037,0.73,0.27,3.7037037037037037,4.0,1.0,2.7037037037037037
686,2026-07-26,Philadelphia cheddar | 8 szt,PHILADELPHIA,1,60.0,14.47,8.0,60.0,4.444444444444445,55.55555555555556,41.08555555555556,0.73954,0.26046,55.55555555555556,60.0,14.47,41.08555555555556
687,2026-07-26,Tiger roll | 8 szt,ROLKI AUTORSKIE,1,58.0,15.02,23.0,58.0,10.845528455284553,47.15447154471545,32.13447154471545,0.6814724137931035,0.31852758620689653,47.15447154471545,58.0,15.02,32.13447154471545
688,2026-07-26,Gunkan ŁOSOŚ SUROWY | 2 szt,GUNKANY,1,25.0,5.81,8.0,25.0,1.8518518518518519,23.14814814814815,17.33814814814815,0.749008,0.250992,23.14814814814815,25.0,5.81,17.33814814814815
689,2026-07-26,Futomaki ŁOSOŚ GRILLOWANY | 6 szt,FUTOMAKI,4,152.0,7.51,8.0,38.0,2.814814814814815,35.18518518518518,27.675185185185185,0.7865578947368421,0.2134421052631579,140.74074074074073,152.0,30.04,110.70074074074074
690,2026-07-26,Philadelphia łosoś | 8 szt,PHILADELPHIA,2,110.0,14.42,8.0,55.0,4.074074074074074,50.925925925925924,36.50592592592592,0.7168436363636363,0.28315636363636365,101.85185185185185,110.0,28.84,73.01185185185184
691,2026-07-26,Futomaki FRESH ROLL | 6 szt,FUTOMAKI,2,70.0,6.39,8.0,35.0,2.5925925925925926,32.407407407407405,26.017407407407404,0.8028228571428571,0.19717714285714286,64.81481481481481,70.0,12.78,52.03481481481481
692,2026-07-26,PROMO 1+1=3 Sushi burgery,SUSHI BURGER,2,240.0,35.36,8.0,120.0,8.88888888888889,111.11111111111111,75.75111111111111,0.68176,0.31823999999999997,222.22222222222223,240.0,70.72,151.50222222222223
693,2026-07-26,Futomaki KALMAR PANKO | 6 szt,FUTOMAKI,6,192.0,5.7,23.0,32.0,5.983739837398374,26.016260162601625,20.316260162601626,0.78090625,0.21909375,156.09756097560975,192.0,34.2,121.89756097560975
694,2026-07-26,Sakura Set | 62 szt,ZESTAWY,1,295.0,69.78,8.0,295.0,21.85185185185185,273.14814814814815,203.36814814814815,0.7445342372881356,0.2554657627118644,273.14814814814815,295.0,69.78,203.36814814814815
695,2026-07-26,Grill Set | 30 szt,ZESTAWY,1,170.0,30.29,8.0,170.0,12.592592592592593,157.40740740740742,127.11740740740743,0.807569411764706,0.1924305882352941,157.40740740740742,170.0,30.29,127.11740740740743
696,2026-07-26,Philadelphia mix | 8 szt,PHILADELPHIA,1,55.0,14.28,8.0,55.0,4.074074074074074,50.925925925925924,36.64592592592592,0.7195927272727273,0.2804072727272727,50.925925925925924,55.0,14.28,36.64592592592592
697,2026-07-26,Krewetki w tempurze | 6 szt,PRZEKĄSKI,1,45.0,11.29,23.0,45.0,8.414634146341463,36.58536585365854,25.295365853658538,0.6914066666666667,0.30859333333333333,36.58536585365854,45.0,11.29,25.295365853658538
698,2026-07-26,Philadelphia łosoś | 8 szt,PHILADELPHIA,1,76.0,14.42,8.0,76.0,5.62962962962963,70.37037037037037,55.950370370370365,0.7950842105263157,0.20491578947368422,70.37037037037037,76.0,14.42,55.950370370370365
699,2026-07-27,Sos teriyaki 30ml,DODATKI,1,4.0,1.0,8.0,4.0,0.2962962962962963,3.7037037037037037,2.7037037037037037,0.73,0.27,3.7037037037037037,4.0,1.0,2.7037037037037037
700,2026-07-27,Wasabi,DODATKI,3,6.0,0.3,8.0,2.0,0.14814814814814814,1.8518518518518519,1.5518518518518518,0.838,0.162,5.555555555555555,6.0,0.8999999999999999,4.655555555555555
701,2026-07-27,Sos sojowy 30ml,DODATKI,4,9.0,0.5,8.0,2.25,0.16666666666666666,2.0833333333333335,1.5833333333333335,0.76,0.24,8.333333333333334,9.0,2.0,6.333333333333334
702,2026-07-27,Rolka w tempurze ŁOSOŚ SUROWY | 8 szt,ROLKI W TEMPURZE,1,60.0,12.89,8.0,60.0,4.444444444444445,55.55555555555556,42.66555555555556,0.76798,0.23202,55.55555555555556,60.0,12.89,42.66555555555556
703,2026-07-27,Hosomaki ŁOSOŚ SUROWY | 8 szt,HOSOMAKI,1,25.0,6.01,8.0,25.0,1.8518518518518519,23.14814814814815,17.138148148148147,0.7403679999999999,0.259632,23.14814814814815,25.0,6.01,17.138148148148147
704,2026-07-27,Futomaki KREWETKA PANKO | 6 szt,FUTOMAKI,1,40.0,8.72,23.0,40.0,7.479674796747967,32.520325203252035,23.800325203252036,0.7318600000000001,0.26814,32.520325203252035,40.0,8.72,23.800325203252036
705,2026-07-27,Imbir,DODATKI,2,6.0,0.19,8.0,3.0,0.2222222222222222,2.7777777777777777,2.5877777777777777,0.9316,0.0684,5.555555555555555,6.0,0.38,5.1755555555555555
706,2026-07-27,Sos sojowy 30ml,DODATKI,1,4.0,0.5,8.0,4.0,0.2962962962962963,3.7037037037037037,3.2037037037037037,0.865,0.135,3.7037037037037037,4.0,0.5,3.2037037037037037
707,2026-07-27,Sushi burger ŁOSOŚ SUROWY,SUSHI BURGER,1,60.0,11.91,8.0,60.0,4.444444444444445,55.55555555555556,43.64555555555556,0.7856200000000001,0.21438,55.55555555555556,60.0,11.91,43.64555555555556
708,2026-07-27,Sushi burger KREWETKA PANKO,SUSHI BURGER,2,120.0,13.4,23.0,60.0,11.21951219512195,48.78048780487805,35.38048780487805,0.7253000000000001,0.2747,97.5609756097561,120.0,26.8,70.7609756097561
709,2026-07-27,Wege set | 38 szt,WEGE MENU,1,160.0,22.94,8.0,160.0,11.851851851851851,148.14814814814815,125.20814814814815,0.845155,0.154845,148.14814814814815,160.0,22.94,125.20814814814815
710,2026-07-27,Hosomaki TUŃCZYK SUROWY | 8 szt,HOSOMAKI,1,28.0,7.13,8.0,28.0,2.074074074074074,25.925925925925927,18.79592592592593,0.7249857142857143,0.2750142857142857,25.925925925925927,28.0,7.13,18.79592592592593
711,2026-07-27,California RAINBOW | 8 szt,CALIFORNIA,2,130.0,15.34,8.0,65.0,4.814814814814815,60.18518518518518,44.84518518518519,0.74512,0.25488,120.37037037037037,130.0,30.68,89.69037037037037
712,2026-07-27,Miso z krewetkami | 350 ml,ZUPY,2,70.0,5.45,23.0,35.0,6.544715447154472,28.455284552845526,23.005284552845527,0.8084714285714286,0.19152857142857144,56.91056910569105,70.0,10.9,46.010569105691054
713,2026-07-27,Futomaki KALMAR PANKO | 6 szt,FUTOMAKI,4,128.0,5.7,23.0,32.0,5.983739837398374,26.016260162601625,20.316260162601626,0.78090625,0.21909375,104.0650406504065,128.0,22.8,81.2650406504065
714,2026-07-27,Futomaki FRESH ROLL | 6 szt,FUTOMAKI,6,210.0,6.39,8.0,35.0,2.5925925925925926,32.407407407407405,26.017407407407404,0.8028228571428571,0.19717714285714286,194.44444444444443,210.0,38.339999999999996,156.10444444444443
715,2026-07-27,Futomaki ŁOSOŚ GRILLOWANY | 6 szt,FUTOMAKI,14,535.0,7.51,8.0,38.214285714285715,2.8306878306878307,35.383597883597886,27.87359788359789,0.7877547663551403,0.21224523364485978,495.37037037037044,535.0,105.14,390.23037037037045
716,2026-07-27,Sałatka wakame,PRZEKĄSKI,1,15.0,2.5,8.0,15.0,1.1111111111111112,13.88888888888889,11.38888888888889,0.82,0.18,13.88888888888889,15.0,2.5,11.38888888888889
717,2026-07-28,Sos spicy majo 30ml,DODATKI,1,3.0,1.0,8.0,3.0,0.2222222222222222,2.7777777777777777,1.7777777777777777,0.64,0.36,2.7777777777777777,3.0,1.0,1.7777777777777777
718,2026-07-28,Futomaki ŁOSOŚ SUROWY | 6 szt / 12 szt,FUTOMAKI,1,36.0,7.81,8.0,36.0,2.6666666666666665,33.333333333333336,25.523333333333337,0.7657,0.23429999999999998,33.333333333333336,36.0,7.81,25.523333333333337
719,2026-07-28,Hosomaki ŁOSOŚ SUROWY | 8 szt,HOSOMAKI,1,25.0,6.01,8.0,25.0,1.8518518518518519,23.14814814814815,17.138148148148147,0.7403679999999999,0.259632,23.14814814814815,25.0,6.01,17.138148148148147
720,2026-07-28,Red alert roll | 8 szt,ROLKI AUTORSKIE,1,80.0,15.51,23.0,80.0,14.959349593495935,65.04065040650407,49.53065040650407,0.76153375,0.23846624999999996,65.04065040650407,80.0,15.51,49.53065040650407
721,2026-07-28,Nigiri łosoś | 2 szt,NIGIRI,1,25.0,5.65,8.0,25.0,1.8518518518518519,23.14814814814815,17.498148148148147,0.7559199999999999,0.24408000000000002,23.14814814814815,25.0,5.65,17.498148148148147
722,2026-07-28,Futomaki ŁOSOŚ SUROWY | 6 szt,FUTOMAKI,1,38.0,7.81,8.0,38.0,2.814814814814815,35.18518518518518,27.375185185185185,0.7780315789473684,0.2219684210526316,35.18518518518518,38.0,7.81,27.375185185185185
723,2026-07-28,Hosomaki AWOKADO | 8 szt,HOSOMAKI,1,21.0,4.73,8.0,21.0,1.5555555555555556,19.444444444444443,14.714444444444442,0.756742857142857,0.2432571428571429,19.444444444444443,21.0,4.73,14.714444444444442
724,2026-07-28,PROMO 1+1=3 Sushi burgery,SUSHI BURGER,2,240.0,35.36,8.0,120.0,8.88888888888889,111.11111111111111,75.75111111111111,0.68176,0.31823999999999997,222.22222222222223,240.0,70.72,151.50222222222223
725,2026-07-28,Zestaw Startowy | 16 szt,ZESTAWY,2,163.8,20.13,8.0,81.9,6.066666666666667,75.83333333333334,55.70333333333335,0.7345494505494506,0.2654505494505494,151.66666666666669,163.8,40.26,111.4066666666667
726,2026-07-28,Futomaki ŁOSOŚ GRILLOWANY | 6 szt,FUTOMAKI,2,76.0,7.51,8.0,38.0,2.814814814814815,35.18518518518518,27.675185185185185,0.7865578947368421,0.2134421052631579,70.37037037037037,76.0,15.02,55.35037037037037
727,2026-07-28,Sos teriyaki 30ml,DODATKI,1,4.0,1.0,8.0,4.0,0.2962962962962963,3.7037037037037037,2.7037037037037037,0.73,0.27,3.7037037037037037,4.0,1.0,2.7037037037037037
728,2026-07-29,Sushi burger ŁOSOŚ GRILLOWANY,SUSHI BURGER,1,60.0,11.18,8.0,60.0,4.444444444444445,55.55555555555556,44.37555555555556,0.79876,0.20124,55.55555555555556,60.0,11.18,44.37555555555556
729,2026-07-29,Futomaki ŁOSOŚ SUROWY | 6 szt / 12 szt,FUTOMAKI,1,36.0,7.81,8.0,36.0,2.6666666666666665,33.333333333333336,25.523333333333337,0.7657,0.23429999999999998,33.333333333333336,36.0,7.81,25.523333333333337
730,2026-07-29,Futomaki FIRE HARMONY | 6 szt / 12 szt,FUTOMAKI,1,47.0,10.7,23.0,47.0,8.788617886178862,38.21138211382114,27.51138211382114,0.7199787234042553,0.28002127659574466,38.21138211382114,47.0,10.7,27.51138211382114
731,2026-07-29,Zestaw Hosomaki | 56 szt,ZESTAWY,1,100.0,23.48,8.0,100.0,7.407407407407407,92.5925925925926,69.11259259259259,0.746416,0.253584,92.5925925925926,100.0,23.48,69.11259259259259
732,2026-07-29,Sos spicy majo 30ml,DODATKI,1,3.0,1.0,8.0,3.0,0.2222222222222222,2.7777777777777777,1.7777777777777777,0.64,0.36,2.7777777777777777,3.0,1.0,1.7777777777777777
733,2026-07-29,Imbir,DODATKI,1,3.0,0.19,8.0,3.0,0.2222222222222222,2.7777777777777777,2.5877777777777777,0.9316,0.0684,2.7777777777777777,3.0,0.19,2.5877777777777777
734,2026-07-29,Pomocnik do pałeczek,DODATKI,1,1.0,0.5,23.0,1.0,0.18699186991869918,0.8130081300813008,0.3130081300813008,0.385,0.615,0.8130081300813008,1.0,0.5,0.3130081300813008
735,2026-07-29,Frytki z batatów (bez sosu),DODATKI,1,10.0,3.8,8.0,10.0,0.7407407407407407,9.25925925925926,5.45925925925926,0.5896,0.4104,9.25925925925926,10.0,3.8,5.45925925925926
736,2026-07-29,Philadelphia mix | 8 szt,PHILADELPHIA,1,55.0,14.28,8.0,55.0,4.074074074074074,50.925925925925924,36.64592592592592,0.7195927272727273,0.2804072727272727,50.925925925925924,55.0,14.28,36.64592592592592
737,2026-07-29,California KREWETKA GOTOWANA | 8 szt,CALIFORNIA,1,60.0,15.05,23.0,60.0,11.21951219512195,48.78048780487805,33.73048780487805,0.6914750000000001,0.308525,48.78048780487805,60.0,15.05,33.73048780487805
738,2026-07-29,Philadelphia węgorz unagi | 8 szt,PHILADELPHIA,1,80.0,14.02,8.0,80.0,5.925925925925926,74.07407407407408,60.05407407407408,0.8107300000000001,0.18927,74.07407407407408,80.0,14.02,60.05407407407408
739,2026-07-29,Rolka w tempurze ŁOSOŚ SUROWY | 8 szt,ROLKI W TEMPURZE,1,60.0,12.89,8.0,60.0,4.444444444444445,55.55555555555556,42.66555555555556,0.76798,0.23202,55.55555555555556,60.0,12.89,42.66555555555556
740,2026-07-29,Zestaw Startowy | 16 szt,ZESTAWY,1,81.9,20.13,8.0,81.9,6.066666666666667,75.83333333333334,55.70333333333335,0.7345494505494506,0.2654505494505494,75.83333333333334,81.9,20.13,55.70333333333335
741,2026-07-29,Pałeczki,DODATKI,3,0.3,0.1,23.0,0.09999999999999999,0.018699186991869916,0.08130081300813008,-0.018699186991869926,-0.2300000000000001,1.2300000000000002,0.24390243902439024,0.3,0.30000000000000004,-0.056097560975609806
742,2026-07-29,Futomaki KALMAR PANKO | 6 szt,FUTOMAKI,2,64.0,5.7,23.0,32.0,5.983739837398374,26.016260162601625,20.316260162601626,0.78090625,0.21909375,52.03252032520325,64.0,11.4,40.63252032520325
743,2026-07-29,Futomaki ŁOSOŚ GRILLOWANY | 6 szt / 12 szt,FUTOMAKI,2,70.0,7.51,8.0,35.0,2.5925925925925926,32.407407407407405,24.897407407407407,0.7682628571428571,0.23173714285714286,64.81481481481481,70.0,15.02,49.79481481481481
744,2026-07-29,PROMO 1+1=3 Sushi burgery,SUSHI BURGER,2,240.0,35.36,8.0,120.0,8.88888888888889,111.11111111111111,75.75111111111111,0.68176,0.31823999999999997,222.22222222222223,240.0,70.72,151.50222222222223
745,2026-07-29,Futomaki ŁOSOŚ GRILLOWANY | 6 szt,FUTOMAKI,12,456.0,7.51,8.0,38.0,2.814814814814815,35.18518518518518,27.675185185185185,0.7865578947368421,0.2134421052631579,422.2222222222222,456.0,90.12,332.10222222222217
746,2026-07-29,Futomaki ŁOSOŚ SUROWY | 6 szt,FUTOMAKI,1,38.0,7.81,8.0,38.0,2.814814814814815,35.18518518518518,27.375185185185185,0.7780315789473684,0.2219684210526316,35.18518518518518,38.0,7.81,27.375185185185185
747,2026-07-29,Futomaki KREWETKA EBI | 6 szt,FUTOMAKI,1,38.0,8.33,23.0,38.0,7.105691056910569,30.89430894308943,22.56430894308943,0.7303710526315789,0.2696289473684211,30.89430894308943,38.0,8.33,22.56430894308943
748,2026-07-29,Philadelphia mix | 8 szt,PHILADELPHIA,1,55.0,14.28,8.0,55.0,4.074074074074074,50.925925925925924,36.64592592592592,0.7195927272727273,0.2804072727272727,50.925925925925924,55.0,14.28,36.64592592592592
749,2026-07-29,Futomaki FRESH ROLL | 6 szt,FUTOMAKI,2,70.0,6.39,8.0,35.0,2.5925925925925926,32.407407407407405,26.017407407407404,0.8028228571428571,0.19717714285714286,64.81481481481481,70.0,12.78,52.03481481481481
750,2026-07-30,Hosomaki OGÓREK | 8 szt,HOSOMAKI,1,18.0,3.93,8.0,18.0,1.3333333333333333,16.666666666666668,12.736666666666668,0.7642,0.23579999999999998,16.666666666666668,18.0,3.93,12.736666666666668
751,2026-07-30,Wasabi,DODATKI,2,4.0,0.3,8.0,2.0,0.14814814814814814,1.8518518518518519,1.5518518518518518,0.838,0.162,3.7037037037037037,4.0,0.6,3.1037037037037036
752,2026-07-30,Sos spicy majo 30ml,DODATKI,3,9.0,1.0,8.0,3.0,0.2222222222222222,2.7777777777777777,1.7777777777777777,0.64,0.36,8.333333333333332,9.0,3.0,5.333333333333332
753,2026-07-30,Zestaw Philadelphia + Krabs Burger -50%,SUSHI BURGER,1,170.0,50.3,8.0,170.0,12.592592592592593,157.40740740740742,107.10740740740742,0.6804470588235294,0.31955294117647054,157.40740740740742,170.0,50.3,107.10740740740742
754,2026-07-30,California RAINBOW | 8 szt,CALIFORNIA,1,65.0,15.34,8.0,65.0,4.814814814814815,60.18518518518518,44.84518518518519,0.74512,0.25488,60.18518518518518,65.0,15.34,44.84518518518519
755,2026-07-30,PROMO 1+1=3 Sushi burgery,SUSHI BURGER,1,120.0,35.36,8.0,120.0,8.88888888888889,111.11111111111111,75.75111111111111,0.68176,0.31823999999999997,111.11111111111111,120.0,35.36,75.75111111111111
756,2026-07-30,Krabs - Burger,SUSHI BURGER,1,25.0,12.27,8.0,25.0,1.8518518518518519,23.14814814814815,10.87814814814815,0.469936,0.530064,23.14814814814815,25.0,12.27,10.87814814814815
757,2026-07-30,Sushi burger ŁOSOŚ SUROWY,SUSHI BURGER,1,60.0,11.91,8.0,60.0,4.444444444444445,55.55555555555556,43.64555555555556,0.7856200000000001,0.21438,55.55555555555556,60.0,11.91,43.64555555555556
758,2026-07-30,Hosomaki KREWETKA EBI | 8 szt,HOSOMAKI,1,28.0,6.58,23.0,28.0,5.235772357723577,22.764227642276424,16.184227642276426,0.7109500000000001,0.28905,22.764227642276424,28.0,6.58,16.184227642276426
759,2026-07-30,Futomaki AWOKADO | 6 szt,WEGE MENU,1,30.0,5.93,8.0,30.0,2.2222222222222223,27.77777777777778,21.84777777777778,0.78652,0.21347999999999998,27.77777777777778,30.0,5.93,21.84777777777778
760,2026-07-30,Philadelphia mix | 8 szt,PHILADELPHIA,1,55.0,14.28,8.0,55.0,4.074074074074074,50.925925925925924,36.64592592592592,0.7195927272727273,0.2804072727272727,50.925925925925924,55.0,14.28,36.64592592592592
761,2026-07-30,Philadelphia łosoś | 8 szt,PHILADELPHIA,1,55.0,14.42,8.0,55.0,4.074074074074074,50.925925925925924,36.50592592592592,0.7168436363636363,0.28315636363636365,50.925925925925924,55.0,14.42,36.50592592592592
762,2026-07-30,Futomaki KREWETKA PANKO | 6 szt,FUTOMAKI,1,40.0,8.72,23.0,40.0,7.479674796747967,32.520325203252035,23.800325203252036,0.7318600000000001,0.26814,32.520325203252035,40.0,8.72,23.800325203252036
763,2026-07-30,Hosomaki SEREK PHILADELPHIA | 8 szt,HOSOMAKI,1,20.0,3.91,8.0,20.0,1.4814814814814814,18.51851851851852,14.608518518518519,0.78886,0.21114,18.51851851851852,20.0,3.91,14.608518518518519
764,2026-07-30,Sos sojowy 30ml,DODATKI,1,4.0,0.5,8.0,4.0,0.2962962962962963,3.7037037037037037,3.2037037037037037,0.865,0.135,3.7037037037037037,4.0,0.5,3.2037037037037037
765,2026-07-30,Sałatka wakame,PRZEKĄSKI,2,30.0,2.5,8.0,15.0,1.1111111111111112,13.88888888888889,11.38888888888889,0.82,0.18,27.77777777777778,30.0,5.0,22.77777777777778
766,2026-07-30,Rolka w tempurze KREWETKA EBI | 8 szt,ROLKI W TEMPURZE,2,120.0,13.79,23.0,60.0,11.21951219512195,48.78048780487805,34.99048780487805,0.717305,0.282695,97.5609756097561,120.0,27.58,69.9809756097561
767,2026-07-30,Pałeczki,DODATKI,2,0.2,0.1,23.0,0.1,0.018699186991869923,0.08130081300813008,-0.018699186991869926,-0.2300000000000001,1.2300000000000002,0.16260162601626016,0.2,0.2,-0.03739837398373985
768,2026-07-30,Futomaki KALMAR PANKO | 6 szt,FUTOMAKI,2,64.0,5.7,23.0,32.0,5.983739837398374,26.016260162601625,20.316260162601626,0.78090625,0.21909375,52.03252032520325,64.0,11.4,40.63252032520325
769,2026-07-30,Futomaki ŁOSOŚ GRILLOWANY | 6 szt,FUTOMAKI,8,304.0,7.51,8.0,38.0,2.814814814814815,35.18518518518518,27.675185185185185,0.7865578947368421,0.2134421052631579,281.48148148148147,304.0,60.08,221.40148148148148
770,2026-07-30,Futomaki MANGO | 6 szt,WEGE MENU,1,28.0,5.3,8.0,28.0,2.074074074074074,25.925925925925927,20.625925925925927,0.7955714285714286,0.2044285714285714,25.925925925925927,28.0,5.3,20.625925925925927
771,2026-07-31,Imbir,DODATKI,1,3.0,0.19,8.0,3.0,0.2222222222222222,2.7777777777777777,2.5877777777777777,0.9316,0.0684,2.7777777777777777,3.0,0.19,2.5877777777777777
772,2026-07-31,Zestaw Philadelphia | 24 szt,ZESTAWY,1,170.0,38.04,8.0,170.0,12.592592592592593,157.40740740740742,119.36740740740743,0.7583341176470589,0.24166588235294115,157.40740740740742,170.0,38.04,119.36740740740743
773,2026-07-31,Krewetki w tempurze | 6 szt,PRZEKĄSKI,1,40.0,11.29,23.0,40.0,7.479674796747967,32.520325203252035,21.230325203252036,0.6528325,0.34716749999999996,32.520325203252035,40.0,11.29,21.230325203252036
774,2026-07-31,Zapieczona rolka KRAB-MIX | 8 szt,ROLKI ZAPIECZONE,1,50.0,7.53,8.0,50.0,3.7037037037037037,46.2962962962963,38.7662962962963,0.837352,0.162648,46.2962962962963,50.0,7.53,38.7662962962963
775,2026-07-31,Black dragon roll | 8 szt,ROLKI AUTORSKIE,1,70.0,18.29,8.0,70.0,5.185185185185185,64.81481481481481,46.52481481481481,0.7178114285714285,0.28218857142857146,64.81481481481481,70.0,18.29,46.52481481481481
776,2026-07-31,Futomaki ŁOSOŚ SUROWY | 6 szt / 12 szt,FUTOMAKI,1,36.0,7.81,8.0,36.0,2.6666666666666665,33.333333333333336,25.523333333333337,0.7657,0.23429999999999998,33.333333333333336,36.0,7.81,25.523333333333337
777,2026-07-31,Śliwkowy,DODATKI,1,3.0,1.0,8.0,3.0,0.2222222222222222,2.7777777777777777,1.7777777777777777,0.64,0.36,2.7777777777777777,3.0,1.0,1.7777777777777777
778,2026-07-31,Philadelphia węgorz unagi | 8 szt,PHILADELPHIA,1,60.0,14.02,8.0,60.0,4.444444444444445,55.55555555555556,41.53555555555556,0.7476400000000001,0.25236,55.55555555555556,60.0,14.02,41.53555555555556
779,2026-07-31,Vibe Set | 32 szt,ZESTAWY,1,200.0,50.77,8.0,200.0,14.814814814814815,185.1851851851852,134.41518518518518,0.725842,0.274158,185.1851851851852,200.0,50.77,134.41518518518518
780,2026-07-31,California ŁOSOŚ SUROWY | 8 szt,CALIFORNIA,1,56.0,12.98,8.0,56.0,4.148148148148148,51.851851851851855,38.87185185185186,0.7496714285714287,0.2503285714285714,51.851851851851855,56.0,12.98,38.87185185185186
781,2026-07-31,Futomaki ŁOSOŚ SUROWY | 6 szt,FUTOMAKI,1,38.0,7.81,8.0,38.0,2.814814814814815,35.18518518518518,27.375185185185185,0.7780315789473684,0.2219684210526316,35.18518518518518,38.0,7.81,27.375185185185185
782,2026-07-31,Sos teriyaki 30ml,DODATKI,2,6.0,1.0,8.0,3.0,0.2222222222222222,2.7777777777777777,1.7777777777777777,0.64,0.36,5.555555555555555,6.0,2.0,3.5555555555555554
783,2026-07-31,Futomaki ŁOSOŚ GRILLOWANY | 6 szt / 12 szt,FUTOMAKI,1,35.0,7.51,8.0,35.0,2.5925925925925926,32.407407407407405,24.897407407407407,0.7682628571428571,0.23173714285714286,32.407407407407405,35.0,7.51,24.897407407407407
784,2026-07-31,California KREWETKA PANKO | 8 szt,CALIFORNIA,1,50.0,10.5,23.0,50.0,9.34959349593496,40.65040650406504,30.15040650406504,0.7417,0.25830000000000003,40.65040650406504,50.0,10.5,30.15040650406504
785,2026-07-31,Duo Set | 28 szt,ZESTAWY,1,160.0,34.6,8.0,160.0,11.851851851851851,148.14814814814815,113.54814814814816,0.7664500000000001,0.23355,148.14814814814815,160.0,34.6,113.54814814814816
786,2026-07-31,Red dragon roll | 8 szt,ROLKI AUTORSKIE,1,65.0,14.85,23.0,65.0,12.154471544715447,52.84552845528455,37.99552845528455,0.7189923076923077,0.2810076923076923,52.84552845528455,65.0,14.85,37.99552845528455
787,2026-07-31,Sos sojowy 30ml,DODATKI,1,3.0,0.5,8.0,3.0,0.2222222222222222,2.7777777777777777,2.2777777777777777,0.82,0.18,2.7777777777777777,3.0,0.5,2.2777777777777777
788,2026-07-31,Futomaki ŁOSOŚ GRILLOWANY | 6 szt,FUTOMAKI,6,228.0,7.51,8.0,38.0,2.814814814814815,35.18518518518518,27.675185185185185,0.7865578947368421,0.2134421052631579,211.1111111111111,228.0,45.06,166.05111111111108
789,2026-07-31,Futomaki KALMAR PANKO | 6 szt,FUTOMAKI,4,128.0,5.7,23.0,32.0,5.983739837398374,26.016260162601625,20.316260162601626,0.78090625,0.21909375,104.0650406504065,128.0,22.8,81.2650406504065
790,2026-07-31,Futomaki FRESH ROLL | 6 szt,FUTOMAKI,4,140.0,6.39,8.0,35.0,2.5925925925925926,32.407407407407405,26.017407407407404,0.8028228571428571,0.19717714285714286,129.62962962962962,140.0,25.56,104.06962962962962
791,2026-07-31,PROMO 1+1=3 Sushi burgery,SUSHI BURGER,3,360.0,35.36,8.0,120.0,8.88888888888889,111.11111111111111,75.75111111111111,0.68176,0.31823999999999997,333.33333333333337,360.0,106.08,227.2533333333334
792,2026-07-31,Philadelphia łosoś | 8 szt,PHILADELPHIA,3,165.0,14.42,8.0,55.0,4.074074074074074,50.925925925925924,36.50592592592592,0.7168436363636363,0.28315636363636365,152.77777777777777,165.0,43.26,109.51777777777778
793,2026-07-31,Fanta jagoda 0.33l,NAPOJE,1,8.0,6.0,23.0,8.0,1.4959349593495934,6.504065040650406,0.5040650406504064,0.07749999999999999,0.9225,6.504065040650406,8.0,6.0,0.5040650406504064
794,2026-07-31,Sos sojowy,DODATKI,2,6.0,0.5,8.0,3.0,0.2222222222222222,2.7777777777777777,2.2777777777777777,0.82,0.18,5.555555555555555,6.0,1.0,4.555555555555555
795,2026-07-31,Zestaw Amour | 36 szt,ZESTAWY,2,390.0,42.75,8.0,195.0,14.444444444444445,180.55555555555554,137.80555555555554,0.7632307692307693,0.2367692307692308,361.1111111111111,390.0,85.5,275.6111111111111
796,2026-07-31,Wasabi,DODATKI,1,2.0,0.3,8.0,2.0,0.14814814814814814,1.8518518518518519,1.5518518518518518,0.838,0.162,1.8518518518518519,2.0,0.3,1.5518518518518518
797,2026-07-31,Futomaki KREWETKA PANKO | 6 szt,FUTOMAKI,1,40.0,8.72,23.0,40.0,7.479674796747967,32.520325203252035,23.800325203252036,0.7318600000000001,0.26814,32.520325203252035,40.0,8.72,23.800325203252036
798,2026-07-31,Zapieczona rolka ŁOSOŚ SUROWY | 8 szt,ROLKI ZAPIECZONE,1,60.0,12.11,8.0,60.0,4.444444444444445,55.55555555555556,43.44555555555556,0.78202,0.21797999999999998,55.55555555555556,60.0,12.11,43.44555555555556
799,2026-07-31,Fuji roll | 8 szt,ROLKI AUTORSKIE,1,65.0,14.86,8.0,65.0,4.814814814814815,60.18518518518518,45.325185185185184,0.7530953846153846,0.2469046153846154,60.18518518518518,65.0,14.86,45.325185185185184
800,2026-07-31,Zapieczona rolka FELIX | 8 szt,ROLKI ZAPIECZONE,1,60.0,10.83,8.0,60.0,4.444444444444445,55.55555555555556,44.72555555555556,0.80506,0.19494,55.55555555555556,60.0,10.83,44.72555555555556
801,2026-07-31,California KRAB-MIX | 8 szt,CALIFORNIA,2,90.0,7.71,8.0,45.0,3.3333333333333335,41.666666666666664,33.95666666666666,0.81496,0.18504,83.33333333333333,90.0,15.42,67.91333333333333
